record_id,title,work_date,source_institution,source_url,accession_id,source_series,analysis_subset,source_checked_on,practice,subject_count,controlled_background,environment_visible,v1_candidate,exclusion_reason,image_structure,framing_scale,head_view,head_tilt,chin_angle,torso_view,face_visibility,crop_pattern,gaze_direction,mouth_state,expression_intensity,hands_visibility,hand_relation,shoulder_state,torso_rotation,posture_openness,weight_distribution,pose_motion,image_orientation,subject_placement,negative_space_bias,background_tone,seamless_background,backdrop_edge_visible,black_border_visible,face_frame_height_ratio,figure_frame_height_ratio,tonality,key_direction,shadow_hardness,facial_shadow_pattern,overall_contrast,highlight_clipping_visible,deep_black_area,observed_notes,annotation_confidence,needs_review,review_reason,annotator,annotated_on
AP-PIL-FND-01,"Chet Baker, singer, New York, January 16, 1986",1986-01-16,The Richard Avedon Foundation,https://www.avedonfoundation.org/the-work,,,formal_portrait_general,2026-08-27,portrait,1,yes,none,true,,single_frame,tight_head,frontal,level,neutral,not_visible,full,none,camera,closed_neutral,low,none,not_applicable,not_visible,not_visible,not_assessable,not_assessable,still,square,centered,top,white,yes,no,unclear,,,black_and_white,unclear,unclear,unclear,unclear,unclear,unclear,单人脸部近距离特写；头部正面，双眼朝向镜头，嘴唇闭合；白色连续背景；仅少量颈肩位于下缘，未见手或环境。,medium,true,作品结构与主体背景可由官方灯箱可靠判断；页面预览分辨率不足以可靠判定 key_direction、shadow_hardness、facial_shadow_pattern、overall_contrast、highlight_clipping_visible、deep_black_area，相关字段填 unclear，需高分辨率复核。试标复核后按 V2 定义由 face_detail 改为 tight_head：完整五官仍可见，仅头部边缘接近画框。,codex,2026-08-27
AP-PIL-FND-02,"Dorothy Parker, writer, New York, June 17, 1958",1958-06-17,The Richard Avedon Foundation,https://www.avedonfoundation.org/the-work,,,formal_portrait_general,2026-08-27,portrait,1,yes,none,true,,single_frame,head_and_shoulders,frontal,level,raised,frontal,full,none,camera,lips_parted,medium,none,not_applicable,level,none,open,centered,still,portrait,centered,balanced,mid_gray,yes,no,unclear,,,black_and_white,unclear,unclear,unclear,unclear,unclear,unclear,单人头肩近景；脸部完整可见，头部略向后仰；双眼朝镜头方向，嘴唇分开并可见部分牙齿；衬衫领口和耳饰入镜；连续中灰背景，无环境信息。,medium,true,作品结构与主体背景可由官方灯箱可靠判断；页面预览分辨率不足以可靠判定 key_direction、shadow_hardness、facial_shadow_pattern、overall_contrast、highlight_clipping_visible、deep_black_area，相关字段填 unclear，需高分辨率复核。,codex,2026-08-27
AP-PIL-FND-03,"Marilyn Monroe, actress, New York City, May 6, 1957",1957-05-06,The Richard Avedon Foundation,https://www.avedonfoundation.org/the-work,,,formal_portrait_general,2026-08-27,portrait,1,yes,none,true,,single_frame,bust,frontal,level,neutral,frontal,full,none,image_right,lips_parted,medium,none,not_applicable,level,none,open,centered,still,square,centered,balanced,mid_gray,yes,no,unclear,,,black_and_white,unclear,unclear,unclear,unclear,unclear,unclear,单人胸像；脸和肩部正面朝向画面，视线偏向画面右侧，嘴唇微张；深色亮片上衣和肩部入镜；连续中灰背景，无环境信息。,medium,true,作品结构与主体背景可由官方灯箱可靠判断；页面预览分辨率不足以可靠判定 key_direction、shadow_hardness、facial_shadow_pattern、overall_contrast、highlight_clipping_visible、deep_black_area，相关字段填 unclear，需高分辨率复核。,codex,2026-08-27
AP-PIL-FND-04,"Dr. J. Robert Oppenheimer, physicist, Princeton, New Jersey, December 11, 1958",1958-12-11,The Richard Avedon Foundation,https://www.avedonfoundation.org/the-work,,,formal_portrait_general,2026-08-27,portrait,1,yes,none,true,,single_frame,bust,three_quarter_facing_image_left,level,neutral,three_quarter_facing_image_left,full,none,image_left,closed_neutral,low,one,touching_face,level,slight,mixed,centered,still,square,image_right,image_left,white,yes,no,unclear,,,black_and_white,unclear,unclear,unclear,unclear,unclear,unclear,单人胸像；头和上身向画面左侧转，视线同向；一只手触及面颊，另一只手未入镜；外套、衬衫和领带入镜；白色连续背景，无环境信息。,medium,true,作品结构与主体背景可由官方灯箱可靠判断；页面预览分辨率不足以可靠判定 key_direction、shadow_hardness、facial_shadow_pattern、overall_contrast、highlight_clipping_visible、deep_black_area，相关字段填 unclear，需高分辨率复核。,codex,2026-08-27
AP-PIL-FND-05,"Alberto Giacometti, sculptor, Paris, March 6, 1958",1958-03-06,The Richard Avedon Foundation,https://www.avedonfoundation.org/the-work,,,formal_portrait_general,2026-08-27,portrait,1,yes,none,true,,single_frame,three_quarter_body,three_quarter_facing_image_left,level,neutral,frontal,full,leg_or_foot,camera,lips_parted,medium,one,unclear,level,slight,mixed,centered,still,square,centered,balanced,dark,yes,no,unclear,,,black_and_white,unclear,unclear,unclear,unclear,unclear,unclear,单人约四分之三身；头部略向画面左侧，脸部完整可见；人物站立至膝下附近，双腿下部在画面下缘被裁切；一只手在画面右侧握住深色物件，另一只手位于身后不可见；连续深灰背景，无地点或环境细节。,medium,true,作品结构与主体背景可由官方灯箱可靠判断；页面预览分辨率不足以可靠判定 key_direction、shadow_hardness、facial_shadow_pattern、overall_contrast、highlight_clipping_visible、deep_black_area，相关字段填 unclear，需高分辨率复核。不同权威预览对手部位置的可辨程度不足，hand_relation 暂不作为 route 证据。,codex,2026-08-27
AP-PIL-MUS-01,"Dwight David Eisenhower, President of the United States, Palm Springs, California","January 31, 1964",The Museum of Modern Art,https://www.moma.org/collection/works/128625,484.2009,,formal_portrait_general,2026-08-27,portrait,1,yes,none,true,,single_frame,head_and_shoulders,frontal,level,neutral,frontal,full,none,camera,closed_neutral,low,none,not_applicable,level,none,not_assessable,not_assessable,still,square,centered,balanced,white,yes,no,yes,0.35,0.86,black_and_white,frontal,soft,under_features,high,unclear,medium,单人；头部和双肩完整可见，下缘裁在胸部附近；头和躯干正对镜头；目光朝镜头，嘴闭合；人物居中；背景为平坦白色，作品四周可见黑色印框；未见环境物件或手部。,high,false,,Codex museum-reference-pool,2026-08-27
AP-PIL-MUS-02,"Lee Friedlander, photographer, New City, New York","May 24, 2002",The Museum of Modern Art,https://www.moma.org/collection/works/128642,501.2009,,formal_portrait_general,2026-08-27,portrait,1,yes,none,true,,single_frame,waist_up,three_quarter_facing_image_left,level,neutral,frontal,full,none,image_left,closed_neutral,low,none,not_applicable,level,none,open,centered,still,portrait,centered,balanced,light_gray,yes,no,unclear,0.20,0.86,black_and_white,frontal,soft,one_side,medium,no,medium,单人；头部至腰部以下可见；头略转向画面左侧，目光朝画面左侧；双臂下垂，手未入镜；胸前悬挂一台相机；人物居中；背景为浅灰无缝面；下缘裁在腰部以下；未见环境物件。,high,false,,Codex museum-reference-pool,2026-08-27
AP-PIL-MUS-03,Arthur Frank Burns,"May 4, 1976","National Portrait Gallery, Smithsonian Institution",https://npg.si.edu/object/npg_NPG.89.83.10,NPG.89.83.10,,formal_portrait_general,2026-08-27,portrait,1,yes,none,true,,single_frame,waist_up,frontal,level,neutral,frontal,full,none,camera,closed_neutral,medium,both,gripping_object,level,none,mixed,centered,still,portrait,centered,balanced,white,yes,no,yes,0.24,0.88,black_and_white,frontal,soft,under_features,high,unclear,medium,单人；头部至髋部附近可见；头和躯干正对镜头；双手位于腹部前并持眼镜；人物居中；白色无缝背景，作品四周可见黑色印框；目光朝镜头，嘴闭合；未见环境物件。,high,false,,Codex museum-reference-pool,2026-08-27
AP-PIL-MUS-04,Bella Abzug,"June 19, 1976","National Portrait Gallery, Smithsonian Institution",https://npg.si.edu/object/npg_NPG.89.83.1,NPG.89.83.1,,formal_portrait_general,2026-08-27,portrait,1,yes,none,true,,single_frame,waist_up,frontal,level,neutral,frontal,full,none,camera,open_smile_teeth,high,partial,resting,level,none,open,centered,still,portrait,centered,balanced,white,yes,no,yes,0.20,0.95,black_and_white,frontal,soft,mixed,medium,unclear,small,单人；戴宽檐帽；脸正对镜头并微笑露齿；身着长袖纹理服装；头部至髋部或大腿上部附近可见；双臂下垂，手部在下缘部分被裁；人物居中；白色无缝背景，作品四周可见黑色印框；未见环境物件。,high,false,,Codex museum-reference-pool,2026-08-27
AP-PIL-MUS-05,Richard Avedon Self-Portrait,1978,"National Portrait Gallery, Smithsonian Institution",https://npg.si.edu/object/npg_NPG.93.94,NPG.93.94,,formal_portrait_general,2026-08-27,portrait,1,yes,none,true,,single_frame,bust,frontal,unclear,unclear,unclear,full,none,camera,closed_neutral,low,one,gripping_object,unclear,unclear,mixed,not_assessable,still,portrait,centered,top,light_gray,yes,no,unclear,0.26,0.85,color,frontal,soft,mixed,medium,no,medium,单人；头部至胸部附近可见；脸正对镜头并戴眼镜；一只手臂横过胸前，手接触下方相机；相机占据下方画面；人物居中；上方背景为浅灰近白且无环境信息；下缘裁在胸部和相机附近。,medium,true,相机和横臂遮挡部分躯干，torso_view 与手部关系需要复核。,Codex museum-reference-pool,2026-08-27
AP-PIL-CAR-01,"A. L. Bean, cotton farmer, Sweetwater, Texas, 3/10/79",1979,Amon Carter Museum of American Art,https://www.cartermuseum.org/collection/l-bean-cotton-farmer-sweetwater-texas-31079-p19852840,P1985.28.40,In the American West,in_the_american_west,2026-08-27,portrait,1,yes,none,true,,single_frame,three_quarter_body,frontal,level,neutral,frontal,full,none,camera,closed_neutral,medium,both,touching_body,level,none,closed,centered,still,portrait,centered,balanced,white,yes,no,yes,0.15,0.91,black_and_white,frontal,soft,under_features,high,unclear,medium,单人；戴牛仔帽；头和躯干正面；头部至大腿上部附近可见；双手位于裤袋；人物居中；背景为白色无缝面，四周可见黑色印框；目光朝镜头，嘴闭合；未见环境物件。,high,false,,codex-carter-review,2026-08-27
AP-PIL-CAR-02,"Alfred Lester, dryland farmer, Charboneau, North Dakota, 8/17/82",1982,Amon Carter Museum of American Art,https://www.cartermuseum.org/collection/alfred-lester-dryland-farmer-charboneau-north-dakota-81782-p19852880,P1985.28.80,In the American West,in_the_american_west,2026-08-27,portrait,1,yes,none,true,,single_frame,three_quarter_body,frontal,level,neutral,frontal,full,none,camera,closed_neutral,medium,one,resting,level,slight,open,centered,still,portrait,centered,balanced,white,yes,no,yes,0.15,0.88,black_and_white,frontal,soft,under_features,medium,unclear,small,单人；头部至大腿上部附近可见；头部和躯干大致正面；画面右侧一只手在身体旁，另一侧手未见；一根背带从肩部至腰部；人物居中；白色无缝背景，四周黑色印框；目光朝镜头，嘴闭合；未见环境物件。,high,false,,codex-carter-review,2026-08-27
AP-PIL-CAR-03,"Charlene Van Tighem, physical therapist, Augusta, Montana, 6/23/83",1983,Amon Carter Museum of American Art,https://www.cartermuseum.org/collection/charlene-van-tighem-physical-therapist-augusta-montana-62383-p1985281,P1985.28.1,In the American West,in_the_american_west,2026-08-27,portrait,1,yes,none,true,,single_frame,waist_up,frontal,level,neutral,frontal,full,none,camera,lips_parted,medium,none,not_applicable,level,none,open,centered,still,portrait,centered,balanced,white,yes,no,yes,0.20,0.90,black_and_white,frontal,soft,under_features,medium,unclear,medium,单人；头部至腰部/上胯部可见；长发垂至胸部；头和躯干正面；双臂下垂，手未入镜；穿比基尼上衣和运动短裤；人物居中；白色无缝背景，四周黑色印框；目光朝镜头；嘴部略分开；未见环境物件。,high,false,,codex-carter-review,2026-08-27
AP-PIL-CAR-04,"Emory J. Stovall, scientist, Los Alamos, New Mexico, 6/12/79",1979,Amon Carter Museum of American Art,https://www.cartermuseum.org/collection/emory-j-stovall-scientist-los-alamos-new-mexico-61279-p19852872,P1985.28.72,In the American West,in_the_american_west,2026-08-27,portrait,1,yes,none,true,,single_frame,three_quarter_body,frontal,level,neutral,frontal,full,none,camera,closed_neutral,medium,both,gripping_object,level,none,open,centered,still,portrait,centered,balanced,white,yes,no,yes,0.15,0.92,black_and_white,frontal,soft,under_features,medium,unclear,small,单人；头部至大腿上部附近可见；头和躯干正面；双手各持一个公文包；胸前有工作徽章，领口有 bolo tie；人物居中；白色无缝背景，四周黑色印框；目光朝镜头，嘴闭合；未见环境物件。,high,false,,codex-carter-review,2026-08-27
AP-PIL-CAR-05,"Jesse Kleinsasser, pig man, Hutterite Colony, Harlowton, Montana, 6/23/83",1983,Amon Carter Museum of American Art,https://www.cartermuseum.org/collection/jesse-kleinsasser-pig-man-hutterite-colony-harlowton-montana-62383-p19852890,P1985.28.90,In the American West,in_the_american_west,2026-08-27,portrait,1,yes,none,true,,single_frame,three_quarter_body,frontal,level,neutral,frontal,full,none,camera,closed_neutral,low,both,holding_clothing,level,slight,mixed,centered,still,portrait,centered,balanced,white,yes,no,yes,0.14,0.95,black_and_white,frontal,soft,under_features,high,unclear,large,单人；戴鸭舌帽；头部至小腿附近可见，双脚未入镜；头部正面，躯干略转；双手位于腰部/衣襟，一手插入衣襟，另一手抓住前襟；人物居中；白色无缝背景，四周黑色印框；目光朝镜头，嘴闭合；未见环境物件。,high,false,,codex-carter-review,2026-08-27
AP-PIL-CAR-06,"Ronald Fischer, beekeeper, Davis, California, 5/9/81",1981,Amon Carter Museum of American Art,https://www.cartermuseum.org/collection/ronald-fischer-beekeeper-davis-california-5981-p198528107,P1985.28.107,In the American West,in_the_american_west,2026-08-27,portrait,1,yes,none,true,,single_frame,waist_up,frontal,level,neutral,frontal,full,none,camera,closed_neutral,medium,none,not_applicable,level,none,open,centered,still,portrait,centered,balanced,white,yes,no,yes,0.17,0.90,black_and_white,frontal,soft,minimal,medium,unclear,small,单人；头部至腰部附近可见；头和躯干正面；双臂下垂，手未入镜；头部、颈部、躯干和手臂表面可见多只蜜蜂；人物居中；白色无缝背景，四周黑色印框；目光朝镜头，嘴闭合；未见环境物件。,high,false,,codex-carter-review,2026-08-27
AP-PIL-CAR-07,"Unidentified migrant worker, Eagle Pass, Texas, 12/10/79",1979,Amon Carter Museum of American Art,https://www.cartermuseum.org/collection/unidentified-migrant-worker-eagle-pass-texas-121079-p19852819,P1985.28.19,In the American West,in_the_american_west,2026-08-27,portrait,1,yes,none,true,,single_frame,waist_up,frontal,level,neutral,frontal,full,none,camera,closed_neutral,high,none,not_applicable,level,none,open,centered,still,portrait,centered,balanced,white,yes,no,yes,0.18,0.90,black_and_white,frontal,medium,mixed,high,unclear,medium,单人；头部至腰部附近可见；头和躯干正面；湿长发覆盖部分额头和面部边缘；上身裸露，画面右侧肩部挂有一件衣物；双手未入镜；人物居中；白色无缝背景，四周黑色印框；目光朝镜头，嘴闭合；未见环境物件。,high,false,,codex-carter-review,2026-08-27
AP-PIL-CAR-08,"Valentino Curley, grave digger, Navajo Reservation, Ganado, Arizona, 12/6/80",1980,Amon Carter Museum of American Art,https://www.cartermuseum.org/collection/valentino-curley-grave-digger-navajo-reservation-ganado-arizona-12680-p19852866,P1985.28.66,In the American West,in_the_american_west,2026-08-27,portrait,1,yes,none,true,,single_frame,waist_up,frontal,unclear,neutral,frontal,full,none,camera,lips_parted,medium,one,resting,level,slight,open,not_assessable,still,portrait,centered,balanced,white,yes,no,yes,0.17,0.90,black_and_white,frontal,medium,one_side,high,unclear,medium,单人；头部至腰部/上胯部可见；头部略偏向画面左侧，躯干有轻微侧转；画面右侧一只手在身体旁，另一侧手未见；身穿长外套；人物居中；白色无缝背景，四周黑色印框；目光朝镜头，嘴部略分开；未见环境物件。,medium,true,头部与躯干的轻微方向及另一只手是否出框需复核。,codex-carter-review,2026-08-27
AP-PIL-CAR-09,"G. R. Cook III, rodeo contestant, Douglas, Wyoming, 7/27/81",1981,Amon Carter Museum of American Art,https://www.cartermuseum.org/collection/g-r-cook-iii-rodeo-contestant-douglas-wyoming-72781-p1985285,P1985.28.5,In the American West,in_the_american_west,2026-08-27,portrait,1,yes,none,true,,single_frame,three_quarter_body,frontal,level,neutral,frontal,full,none,camera,lips_parted,medium,partial,touching_body,level,slight,mixed,centered,still,portrait,centered,balanced,white,yes,no,yes,0.15,0.92,black_and_white,frontal,soft,under_features,high,unclear,medium,单人；头部至大腿上部附近；头和躯干大致正面；画面右侧一只手置于牛仔裤口袋，另一只手未见；身穿深色 T 恤和牛仔裤，腰部有大皮带扣；人物居中；白色无缝背景，四周黑色印框；目光朝镜头；嘴部略分开；未见环境物件。,high,false,,codex-carter-review,2026-08-27
AP-PIL-CAR-10,"Petra Alvarado, factory worker, El Paso, Texas, on her birthday 4/22/82",1982,Amon Carter Museum of American Art,https://www.cartermuseum.org/collection/petra-alvarado-factory-worker-el-paso-texas-her-birthday-42282-p19852814,P1985.28.14,In the American West,in_the_american_west,2026-08-27,portrait,1,yes,none,true,,single_frame,waist_up,frontal,level,neutral,frontal,full,none,camera,lips_parted,medium,one,gripping_object,one_raised,slight,mixed,not_assessable,still,portrait,centered,balanced,white,yes,no,yes,0.19,0.91,black_and_white,frontal,soft,one_side,high,unclear,medium,单人；头部至髋部附近可见；头和躯干大致正面；一只手横在腹部并接触肩部垂下的花朵和纸币饰带，另一只手未见；人物居中；白色无缝背景，四周黑色印框；目光朝镜头；嘴部略分开；未见环境物件。,high,false,,codex-carter-review,2026-08-27
AP-EXP-CAR-01,"Allen Silvy, drifter, Route 93, Chloride, Nevada, 12/14/80",1980-12-14,Amon Carter Museum of American Art,https://www.cartermuseum.org/collection/allen-silvy-drifter-route-93-chloride-nevada-121480-p19852841,P1985.28.41,In the American West,in_the_american_west,2026-08-28,portrait,1,yes,none,true,,single_frame,three_quarter_body,frontal,level,neutral,frontal,full,leg_or_foot,camera,closed_neutral,medium,both,resting,level,slight,closed,centered,still,portrait,centered,balanced,white,yes,no,yes,0.22,0.91,black_and_white,unclear,unclear,unclear,medium,no,medium,官方详情页图像实际显示：单人黑白肖像；男性正面站立，双手插入西装外套口袋，头部与躯干位于画面中央；画面下缘截至大腿上部；眼睛朝向镜头、嘴唇闭合；白色连续背景，四周可见黑色边框。,high,false,,codex_carter_v2,2026-08-28
AP-EXP-CAR-02,"Andrea D'Amato, student, Santa Fe, New Mexico, 4/3/80",1980-04-03,Amon Carter Museum of American Art,https://www.cartermuseum.org/collection/andrea-damato-student-santa-fe-new-mexico-4380-p19852883,P1985.28.83,In the American West,in_the_american_west,2026-08-28,portrait,1,yes,none,true,,single_frame,three_quarter_body,frontal,level,neutral,frontal,full,leg_or_foot,camera,closed_neutral,medium,both,clasped,level,none,closed,centered,still,portrait,centered,balanced,white,yes,no,yes,0.19,0.90,black_and_white,unclear,unclear,unclear,medium,no,small,官方详情页图像实际显示：单人黑白肖像；女性正面站立，双手在下巴处合拢；头部与躯干居中，画面下缘截至大腿上部；眼睛朝向镜头、嘴唇闭合；白色连续背景，四周可见黑色边框。,high,false,,codex_carter_v2,2026-08-28
AP-EXP-CAR-03,"Bill Hanken, construction worker, Cody, Wyoming, 7/4/82",1982-07-04,Amon Carter Museum of American Art,https://www.cartermuseum.org/collection/bill-hanken-construction-worker-cody-wyoming-7482-p19852847,P1985.28.47,In the American West,in_the_american_west,2026-08-28,portrait,1,yes,none,true,,single_frame,waist_up,frontal,level,neutral,frontal,full,hand_or_arm,camera,closed_neutral,medium,none,not_applicable,level,none,open,centered,still,portrait,centered,balanced,white,yes,no,yes,0.19,0.90,black_and_white,unclear,unclear,unclear,medium,no,small,官方详情页图像实际显示：单人黑白肖像；年轻男性正面站立，卷曲金发，穿网眼衫；画面下缘截至腰部，双臂在身体两侧且手未入镜；眼睛朝向镜头、嘴唇闭合；白色连续背景，四周可见黑色边框。,high,false,,codex_carter_v2,2026-08-28
AP-EXP-CAR-04,"Jason Jade Hess, fifteen year old, Burley, Idaho, 8/19/83",1983-08-19,Amon Carter Museum of American Art,https://www.cartermuseum.org/collection/jason-jade-hess-fifteen-year-old-burley-idaho-81983-p1985282,P1985.28.2,In the American West,in_the_american_west,2026-08-28,portrait,1,yes,none,true,,single_frame,tight_head,frontal,level,neutral,frontal,full,none,camera,closed_neutral,medium,none,not_applicable,level,none,open,centered,still,portrait,centered,minimal,white,yes,no,yes,0.26,0.91,black_and_white,unclear,unclear,unclear,medium,no,small,官方详情页图像实际显示：单人黑白近距离肖像；男孩碗盖头、鼻子和脸颊有雀斑，头部正面，肩部与上胸入镜；画面下缘截在胸部附近，脸部五官完整；眼睛朝向镜头、嘴唇闭合；白色连续背景，四周可见黑色边框。,high,false,,codex_carter_v2,2026-08-28
AP-EXP-CAR-05,"Juan Patricio Lobato, carney, Rocky Ford, Colorado, 8/23/80",1980-08-23,Amon Carter Museum of American Art,https://www.cartermuseum.org/collection/juan-patricio-lobato-carney-rocky-ford-colorado-82380-p19852812,P1985.28.12,In the American West,in_the_american_west,2026-08-28,portrait,1,yes,none,true,,single_frame,three_quarter_body,three_quarter_facing_image_right,level,lowered,profile_facing_image_right,full,leg_or_foot,camera,closed_neutral,medium,none,not_applicable,one_raised,strong,closed,image_right,still,portrait,dynamic,image_left,white,yes,no,yes,0.19,0.91,black_and_white,unclear,unclear,unclear,medium,no,medium,官方详情页图像实际显示：单人黑白肖像；男性身体几乎侧向，躯干呈明显 S 曲线，双臂在背后，深色 T 恤从颈后掀起；画面下缘截至大腿上部；头部朝画面右侧并回望镜头，嘴唇闭合；白色连续背景，四周可见黑色边框。,medium,true,头部水平旋转位于三分之四朝向与近侧面之间，后续以更高分辨率复核 head_view；其余结构字段可由官方详情页图像确认。,codex_carter_v2,2026-08-28
AP-EXP-CAR-06,"Benson James, drifter, Route 66, Gallup, New Mexico, 6/30/79",1979-06-30,Amon Carter Museum of American Art,https://www.cartermuseum.org/collection/benson-james-drifter-route-66-gallup-new-mexico-63079-p19852826,P1985.28.26,In the American West,in_the_american_west,2026-08-28,portrait,1,yes,none,true,,single_frame,three_quarter_body,frontal,level,neutral,frontal,full,leg_or_foot,camera,closed_neutral,medium,none,not_applicable,level,none,open,centered,still,portrait,centered,balanced,white,yes,no,yes,0.20,0.91,black_and_white,unclear,unclear,unclear,high,no,medium,官方详情页图像实际显示：单人黑白肖像；男性正面站立，长发，穿有明显污渍的衣物；画面下缘截至大腿上部，双手未入镜；眼睛眯起并朝向镜头，嘴唇闭合；白色连续背景，四周可见黑色边框。,high,false,,codex_carter_v2,2026-08-28
AP-EXP-CAR-07,"Carol Crittendon, bartender, Butte, Montana, 7/1/81",1981-07-01,Amon Carter Museum of American Art,https://www.cartermuseum.org/collection/carol-crittendon-bartender-butte-montana-7181-p19852845,P1985.28.45,In the American West,in_the_american_west,2026-08-28,portrait,1,yes,none,true,,single_frame,waist_up,frontal,level,neutral,frontal,full,none,camera,closed_neutral,low,none,not_applicable,level,none,open,centered,still,portrait,centered,balanced,white,yes,no,yes,0.19,0.90,black_and_white,unclear,unclear,unclear,medium,no,small,官方详情页图像实际显示：单人黑白肖像；女性正面站立，长漂白金发，穿白色抹胸和长裤；画面下缘截至腰部附近，双臂下垂且双手未入镜；眼睛朝向镜头、嘴唇闭合；白色连续背景，四周可见黑色边框。,high,false,,codex_carter_v2,2026-08-28
AP-EXP-CAR-08,"Craig Panike, drummer, High School Band, Weiser, Idaho, 6/27/81",1981-06-27,Amon Carter Museum of American Art,https://www.cartermuseum.org/collection/craig-panike-drummer-high-school-band-weiser-idaho-62781-p19852887,P1985.28.87,In the American West,in_the_american_west,2026-08-28,portrait,1,yes,none,true,,single_frame,bust,frontal,level,neutral,frontal,full,none,camera,lips_parted,medium,none,not_applicable,level,none,open,centered,still,portrait,centered,balanced,white,yes,no,yes,0.18,0.89,black_and_white,unclear,unclear,unclear,medium,no,medium,官方详情页图像实际显示：单人黑白肖像；少年正面站立，戴明显过大的白色行进乐队帽并穿制服；画面下缘截至胸部附近，双手未入镜；眼睛朝向镜头、嘴唇略分开；白色连续背景，四周可见黑色边框。,high,false,,codex_carter_v2,2026-08-28
AP-EXP-CAR-09,"Harrison Tsosie, cowboy, Navajo Reservation, Window Rock, Arizona, 6/13/79",1979-06-13,Amon Carter Museum of American Art,https://www.cartermuseum.org/collection/harrison-tsosie-cowboy-navajo-reservation-window-rock-arizona-61379-p19852882,P1985.28.82,In the American West,in_the_american_west,2026-08-28,portrait,1,yes,none,true,,single_frame,three_quarter_body,frontal,level,neutral,frontal,full,top_of_head,camera,closed_smile,medium,both,touching_body,level,none,open,centered,still,portrait,centered,balanced,white,yes,no,yes,0.17,0.92,black_and_white,unclear,unclear,unclear,medium,no,medium,官方详情页图像实际显示：单人黑白肖像；男性正面站立，长发，戴牛仔帽，穿纽扣衬衫、牛仔裤和 chaps；双手叉腰；画面下缘截至大腿上部，帽顶接近并触及上边缘；眼睛朝向镜头、嘴角略上扬；白色连续背景，四周可见黑色边框。,high,false,,codex_carter_v2,2026-08-28
AP-EXP-CAR-10,"Ruby Holden, pawnbroker, Henderson, Nevada, 12/17/80",1980-12-17,Amon Carter Museum of American Art,https://www.cartermuseum.org/collection/ruby-holden-pawnbroker-henderson-nevada-121780-p19852830,P1985.28.30,In the American West,in_the_american_west,2026-08-28,portrait,1,yes,none,true,,single_frame,three_quarter_body,three_quarter_facing_image_left,level,neutral,frontal,full,leg_or_foot,image_left,closed_neutral,medium,one,touching_body,one_raised,slight,mixed,centered,still,portrait,centered,balanced,white,yes,no,yes,0.18,0.90,black_and_white,unclear,unclear,unclear,medium,no,small,官方详情页图像实际显示：单人黑白肖像；女性身体正面、头部转向画面左侧；穿运动衫，一只手放在对侧肩部，另一只手未入镜；画面下缘截至大腿上部；眼睛看向画面左侧、嘴唇闭合；白色连续背景，四周可见黑色边框。,high,false,,codex_carter_v2,2026-08-28
AP-EXP-CAR-11,"B. J. Van Fleet, nine year old, Ennis, Montana, 7/2/82",1982,Amon Carter Museum of American Art,https://www.cartermuseum.org/collection/b-j-van-fleet-nine-year-old-ennis-montana-7282-p19852865,P1985.28.65,In the American West,in_the_american_west,2026-08-28,portrait,1,yes,none,true,,single_frame,three_quarter_body,frontal,level,neutral,frontal,full,leg_or_foot,camera,closed_neutral,medium,both,gripping_object,level,slight,mixed,centered,still,portrait,centered,balanced,white,yes,no,yes,0.18,0.91,black_and_white,unclear,unclear,unclear,medium,no,medium,实际查看官方详情页图像：单人男孩正面站立，穿绗缝马甲和运动衫，双手横握步枪于躯干前；视线朝向相机、嘴部闭合；画面下缘截断腿部，白色连续背景与黑色边框可见。,high,false,,codex_carter_v2,2026-08-28
AP-EXP-CAR-12,"Billy Mudd, Trucker, Alto, Texas, 5/7/81",1981,Amon Carter Museum of American Art,https://www.cartermuseum.org/collection/billy-mudd-trucker-alto-texas-5781-p198528105,P1985.28.105,In the American West,in_the_american_west,2026-08-28,portrait,1,yes,none,true,,single_frame,three_quarter_body,frontal,level,neutral,frontal,full,leg_or_foot,camera,closed_neutral,medium,both,resting,level,slight,open,image_left,still,portrait,centered,balanced,white,yes,no,yes,0.19,0.91,black_and_white,unclear,unclear,unclear,high,no,medium,实际查看官方详情页图像：单人男性赤裸上身、背头，穿磨损牛仔裤，头部与躯干大致正面朝向相机，一侧髋部外展；双臂和双手下垂进入画面下部，画面下缘截断腿部；白色连续背景与黑色边框可见。,high,false,,codex_carter_v2,2026-08-28
AP-EXP-CAR-13,"Blue Cloud Wright, slaughterhouse worker, Omaha, Nebraska, 8/10/79",1979,Amon Carter Museum of American Art,https://www.cartermuseum.org/collection/blue-cloud-wright-slaughterhouse-worker-omaha-nebraska-81079-p19852862,P1985.28.62,In the American West,in_the_american_west,2026-08-28,portrait,1,yes,none,true,,single_frame,three_quarter_body,frontal,level,neutral,frontal,full,leg_or_foot,camera,closed_neutral,medium,both,resting,level,slight,open,centered,still,portrait,centered,balanced,white,yes,no,yes,0.20,0.91,black_and_white,unclear,unclear,unclear,medium,no,medium,实际查看官方详情页图像：单人留胡须男性正面站立，穿脏 T 恤和围裙，围裙腰部挂有不同工具；视线朝向相机、嘴部闭合，双臂和双手在下部画面可见；画面下缘截断腿部，白色连续背景与黑色边框可见。,high,false,,codex_carter_v2,2026-08-28
AP-EXP-CAR-14,"Carl Hoefert, unemployed blackjack dealer, Reno, Nevada, 8/30/80",1980,Amon Carter Museum of American Art,https://www.cartermuseum.org/collection/carl-hoefert-unemployed-blackjack-dealer-reno-nevada-83080-p19852834,P1985.28.34,In the American West,in_the_american_west,2026-08-28,portrait,1,yes,none,true,,single_frame,waist_up,frontal,level,neutral,frontal,full,none,camera,closed_neutral,medium,both,holding_clothing,level,none,mixed,centered,still,portrait,centered,balanced,white,yes,no,yes,0.20,0.90,black_and_white,unclear,unclear,unclear,medium,no,medium,实际查看官方详情页图像：单人年长男性正面半身，脸部有明显岁月痕迹，穿图案敞领衬衫和人字纹条纹夹克；双手在夹克/腰部前方可见，视线朝向相机、嘴部闭合；画面裁至腰部，白色连续背景与黑色边框可见。,high,false,,codex_carter_v2,2026-08-28
AP-EXP-CAR-15,"Marie Larsen, patient, State Hospital, Las Vegas, New Mexico, 4/1/80",1980,Amon Carter Museum of American Art,https://www.cartermuseum.org/collection/marie-larsen-patient-state-hospital-las-vegas-new-mexico-4180-p19852864,P1985.28.64,In the American West,in_the_american_west,2026-08-28,portrait,1,yes,none,true,,single_frame,three_quarter_body,three_quarter_facing_image_left,level,raised,frontal,full,leg_or_foot,image_left,closed_neutral,medium,partial,resting,level,slight,open,centered,still,portrait,centered,balanced,white,yes,no,yes,0.16,0.91,black_and_white,unclear,unclear,unclear,medium,no,small,实际查看官方详情页图像：单人年长女性穿家居裙，身体大致正面，头部略向后并转向画面左侧，视线向画面左侧；双臂与部分手部在下部画面可见；画面下缘截断腿部，白色连续背景与黑色边框可见。,high,false,,codex_carter_v2,2026-08-28
AP-EXP-CAR-16,"Della Trujillo, waitress, Santuario de Chimayo, New Mexico, Good Friday, 4/4/80",1980,Amon Carter Museum of American Art,https://www.cartermuseum.org/collection/della-trujillo-waitress-santuario-de-chimayo-new-mexico-good-friday-4480-p19852821,P1985.28.21,In the American West,in_the_american_west,2026-08-28,portrait,1,yes,none,true,,single_frame,three_quarter_body,frontal,level,neutral,frontal,full,leg_or_foot,camera,closed_neutral,medium,both,holding_clothing,level,slight,mixed,centered,still,portrait,centered,balanced,white,yes,no,yes,0.18,0.91,black_and_white,unclear,unclear,unclear,medium,no,medium,实际查看官方详情页图像：单人女性正面站立，穿带蕾丝边的深色外套和上衣；一只手位于腰侧，另一只手抓住外套前襟，双手均进入画面；视线朝向相机、嘴部闭合；画面下缘位于大腿上部，未见双脚；白色连续背景与黑色边框可见。,high,false,,codex_carter_v2,2026-08-28
AP-EXP-CAR-17,"Emma Lee Wellington, housewife, North Las Vegas, Nevada, 12/15/80",1980,Amon Carter Museum of American Art,https://www.cartermuseum.org/collection/emma-lee-wellington-housewife-north-las-vegas-nevada-121580-p19852818,P1985.28.18,In the American West,in_the_american_west,2026-08-28,portrait,1,yes,none,true,,single_frame,three_quarter_body,frontal,level,neutral,frontal,full,leg_or_foot,camera,closed_neutral,medium,one,touching_body,level,none,mixed,centered,still,portrait,centered,balanced,white,yes,no,yes,0.20,0.90,black_and_white,unclear,unclear,unclear,medium,no,medium,实际查看官方详情页图像：单人女性正面站立，穿短袖上衣和长裤，腹部明显隆起；一只手横放在腹部，另一只手臂向后，只有一只手清晰可见；视线朝向相机、嘴部闭合；画面下缘位于大腿上部，未见双脚；白色连续背景与黑色边框可见。,high,false,,codex_carter_v2,2026-08-28
AP-EXP-CAR-18,"James Lykins, oil field worker, Rawson, North Dakota, 8/17/82",1982,Amon Carter Museum of American Art,https://www.cartermuseum.org/collection/james-lykins-oil-field-worker-rawson-north-dakota-81782-p19852849,P1985.28.49,In the American West,in_the_american_west,2026-08-28,portrait,1,yes,none,true,,single_frame,waist_up,frontal,level,neutral,frontal,full,hand_or_arm,camera,closed_neutral,medium,one,touching_body,level,slight,open,centered,still,portrait,centered,balanced,white,yes,no,yes,0.20,0.90,black_and_white,unclear,unclear,unclear,high,no,medium,实际查看官方详情页图像：单人男性正面至轻微转体，穿敞开的格纹衬衫；画面右侧一只手放在髋部，另一侧手臂在下缘被截断；视线朝向相机，嘴部被胡须覆盖但未张开；画面裁至腰部附近，白色连续背景与黑色边框可见。,high,false,,codex_carter_v2,2026-08-28
AP-EXP-CAR-19,"Milo Dewitt, cowboy, Payson, Arizona, 8/29/82",1982,Amon Carter Museum of American Art,https://www.cartermuseum.org/collection/milo-dewitt-cowboy-payson-arizona-82982-p19852810,P1985.28.10,In the American West,in_the_american_west,2026-08-28,portrait,1,yes,none,true,,single_frame,waist_up,frontal,level,neutral,frontal,full,hand_or_arm,camera,closed_neutral,medium,none,not_applicable,level,none,open,centered,still,portrait,centered,balanced,white,yes,no,yes,0.20,0.90,black_and_white,unclear,unclear,unclear,medium,no,small,实际查看官方详情页图像：单人男性正面站立，穿带刺绣肩部图案的条纹西部衬衫；双臂向下伸展，手部在画面下缘之外；视线朝向相机、嘴部闭合；画面裁至下腰部附近，白色连续背景与黑色边框可见。,high,false,,codex_carter_v2,2026-08-28
AP-EXP-CAR-20,"Lloyd Bloom, oil field worker, Williston, North Dakota, 8/21/82",1982,Amon Carter Museum of American Art,https://www.cartermuseum.org/collection/lloyd-bloom-oil-field-worker-williston-north-dakota-82182-p198528111,P1985.28.111,In the American West,in_the_american_west,2026-08-28,portrait,1,yes,none,true,,single_frame,three_quarter_body,frontal,level,neutral,frontal,full,leg_or_foot,camera,closed_neutral,medium,both,multiple,one_raised,slight,mixed,centered,gesture_in_progress,portrait,centered,balanced,white,yes,no,yes,0.18,0.91,black_and_white,unclear,unclear,unclear,high,no,medium,实际查看官方详情页图像：单人赤裸上身男性站立，一只手遮在眉上，另一只手握住白色安全帽；头部与躯干大致正面，视线朝向相机；画面下缘位于大腿上部，未见双脚；白色连续背景与黑色边框可见。,high,false,,codex_carter_v2,2026-08-28
AP-EXP-CAR-21,"Robert Dixon, meat packer, Aurora, Colorado, 6/15/83",1983,Amon Carter Museum of American Art,https://www.cartermuseum.org/collection/robert-dixon-meat-packer-aurora-colorado-61583-p19852817,P1985.28.17,In the American West,in_the_american_west,2026-08-28,portrait,1,yes,none,true,,single_frame,tight_head,frontal,level,neutral,frontal,full,none,camera,closed_neutral,medium,none,not_applicable,level,none,open,centered,still,portrait,centered,minimal,white,yes,no,yes,0.31,0.90,black_and_white,unclear,unclear,unclear,high,no,medium,实际查看官方详情页图像：单人男性近距离正面肖像，短发、脸部有雀斑，穿深色有领上衣；主要五官完整可见，肩部在画面下缘进入；视线朝向相机、嘴部闭合；白色连续背景与黑色边框可见。,high,false,,codex_carter_v2,2026-08-28
AP-EXP-CAR-22,"Clifford Feldner, unemployed ranch hand, Golden, Colorado, 6/15/83",1983,Amon Carter Museum of American Art,https://www.cartermuseum.org/collection/clifford-feldner-unemployed-ranch-hand-golden-colorado-61583-p19852837,P1985.28.37,In the American West,in_the_american_west,2026-08-28,portrait,1,yes,none,true,,single_frame,bust,frontal,level,neutral,frontal,full,none,camera,closed_neutral,high,none,not_applicable,level,none,open,centered,still,portrait,centered,balanced,white,yes,no,yes,0.28,0.90,black_and_white,unclear,unclear,unclear,high,no,medium,实际查看官方详情页图像：单人男性正面胸像，留盐胡椒色山羊胡，穿有领衬衫和绗缝夹克；肩部及胸部进入画面，双手不可见；视线朝向相机、嘴部闭合；白色连续背景与黑色边框可见。,high,false,,codex_carter_v2,2026-08-28
AP-EXP-CAR-23,"Gloria Cloud, waitress, Hobbs, New Mexico, 9/27/80",1980,Amon Carter Museum of American Art,https://www.cartermuseum.org/collection/gloria-cloud-waitress-hobbs-new-mexico-92780-p19852867,P1985.28.67,In the American West,in_the_american_west,2026-08-28,portrait,1,yes,none,true,,single_frame,three_quarter_body,frontal,level,neutral,frontal,full,leg_or_foot,camera,closed_neutral,low,one,resting,level,slight,open,centered,still,portrait,centered,balanced,white,yes,no,yes,0.20,0.90,black_and_white,unclear,unclear,unclear,medium,no,small,实际查看官方详情页图像：单人女性站立，头部与身体大致正面，穿浅色 V 领上衣和深色裤子；一只手在画面右下方可见，另一只手在画面下缘之外；视线朝向相机、嘴部闭合；画面下缘位于大腿上部，未见双脚；白色连续背景与黑色边框可见。,high,false,,codex_carter_v2,2026-08-28
AP-EXP-CAR-24,"Richard Garber, drifter, Interstate 15, Provo, Utah, 8/20/80",1980,Amon Carter Museum of American Art,https://www.cartermuseum.org/collection/richard-garber-drifter-interstate-15-provo-utah-82080-p198528110,P1985.28.110,In the American West,in_the_american_west,2026-08-28,portrait,1,yes,none,true,,single_frame,three_quarter_body,frontal,toward_image_right,lowered,frontal,full,leg_or_foot,camera,closed_neutral,medium,both,resting,level,slight,mixed,image_right,still,portrait,centered,image_left,white,yes,no,yes,0.18,0.91,black_and_white,unclear,unclear,unclear,high,no,medium,实际查看官方详情页图像：单人男性穿深色夹克和裤子站立，头部略向画面右侧偏斜，躯干和站姿向画面右侧倾斜；双手下垂进入画面；视线朝向相机、嘴部闭合；画面下缘位于大腿上部，未见双脚；白色连续背景与黑色边框可见。,medium,true,人物头部的水平旋转接近正面与三分之四之间，当前先记录为正面并保留复核标记；景别、裁切、手部和背景结构已由官方图像确认。,codex_carter_v2,2026-08-28
AP-EXP-CAR-25,"Joe Dobosz, uranium miner, Church Rock, New Mexico, 6/13/79",1979,Amon Carter Museum of American Art,https://www.cartermuseum.org/collection/joe-dobosz-uranium-miner-church-rock-new-mexico-61379-p19852857,P1985.28.57,In the American West,in_the_american_west,2026-08-28,portrait,1,yes,none,true,,single_frame,waist_up,frontal,level,neutral,frontal,full,hand_or_arm,camera,closed_neutral,medium,none,not_applicable,level,none,open,centered,still,portrait,centered,balanced,white,yes,no,yes,0.20,0.90,black_and_white,unclear,unclear,unclear,high,no,medium,实际查看官方详情页图像：单人男性正面站立，戴安全帽，穿沾有污渍的衬衫和工装背带裤，胸前挂着护目镜；双臂向下伸展，手部在画面下缘之外；视线朝向相机、嘴部闭合；画面裁至腰部和腰带附近；白色连续背景与黑色边框可见。,high,false,,codex_carter_v2,2026-08-28
AP-EXP-CAR-26,"Homer Emmons, coal miner, Somerset, Colorado, 8/28/80",1980,Amon Carter Museum of American Art,https://www.cartermuseum.org/collection/homer-emmons-coal-miner-somerset-colorado-82880-p198528124,P1985.28.124,In the American West,in_the_american_west,2026-08-28,portrait,1,yes,none,true,,single_frame,bust,frontal,level,neutral,frontal,full,none,camera,closed_neutral,medium,none,not_applicable,level,none,open,centered,still,portrait,centered,balanced,white,yes,no,yes,0.27,0.90,black_and_white,unclear,unclear,unclear,high,no,medium,实际查看官方详情页图像：单人男性正面胸像，头发稀疏，穿有两个胸袋的深色工作衬衫；脸部与衣物细节清晰，双手未进入画面；视线朝向相机、嘴部闭合；画面裁至胸部附近，白色连续背景与黑色边框可见。,high,false,,codex_carter_v2,2026-08-28
AP-EXP-CAR-27,"Jerry Don Keeter, oil field worker, El Reno, Oklahoma, 6/16/80",1980,Amon Carter Museum of American Art,https://www.cartermuseum.org/collection/jerry-don-keeter-oil-field-worker-el-reno-oklahoma-61680-p19852860,P1985.28.60,In the American West,in_the_american_west,2026-08-28,portrait,1,yes,none,true,,single_frame,three_quarter_body,frontal,level,neutral,frontal,full,leg_or_foot,camera,closed_neutral,high,both,resting,level,none,open,centered,still,portrait,centered,balanced,white,yes,no,yes,0.18,0.91,black_and_white,unclear,unclear,unclear,high,no,medium,实际查看官方详情页图像：单人男性正面站立，穿沾有深色污渍的短袖上衣和裤子；双手下垂并在画面下部可见，面部双眼收紧、嘴部闭合；画面下缘位于大腿上部，未见双脚；白色连续背景与黑色边框可见。,high,false,,codex_carter_v2,2026-08-28
AP-EXP-CAR-28,"Gilbert Saavedra, patient, State Hospital, Las Vegas, New Mexico, 4/1/80",1980,Amon Carter Museum of American Art,https://www.cartermuseum.org/collection/gilbert-saavedra-patient-state-hospital-las-vegas-new-mexico-4180-p198528104,P1985.28.104,In the American West,in_the_american_west,2026-08-28,portrait,1,yes,none,true,,single_frame,three_quarter_body,frontal,level,raised,frontal,full,leg_or_foot,eyes_closed,open_expression,high,both,gesturing,both_raised,none,open,centered,gesture_in_progress,portrait,centered,balanced,white,yes,no,yes,0.18,0.90,black_and_white,unclear,unclear,unclear,medium,no,small,实际查看官方详情页图像：单人男性正面站立，穿浅色短袖上衣；头部向后仰，双眼闭合、嘴部张开，双臂抬起，双手在肩部两侧以张开手掌呈现手势；画面下缘位于大腿上部，未见双脚；白色连续背景与黑色边框可见。,high,false,,codex_carter_v2,2026-08-28
AP-EXP-CAR-29,"Rocky Burch, fifteen year old, Burley, Idaho, 8/19/83",1983-08-19,Amon Carter Museum of American Art,https://www.cartermuseum.org/collection/rocky-burch-fifteen-year-old-burley-idaho-81983-p1985287,P1985.28.7,In the American West,in_the_american_west,2026-08-28,portrait,1,yes,none,true,,single_frame,bust,frontal,level,neutral,frontal,full,none,camera,closed_neutral,medium,none,not_applicable,level,none,open,centered,still,portrait,centered,balanced,white,yes,no,yes,,,black_and_white,unclear,unclear,unclear,medium,unclear,unclear,官方 Carter 详情页图像实际显示：单人黑白肖像；男孩头部正面，双肩与上胸进入画面，画面下缘截在胸廓附近；双眼朝向镜头，嘴唇闭合；人物居中；白色连续背景，四周可见黑色印框；未见手部或环境。,high,false,,codex-carter-v2,2026-08-28
AP-EXP-CAR-30,"David Beason, shipping clerk, Denver, Colorado, 7/25/81",1981-07-25,Amon Carter Museum of American Art,https://www.cartermuseum.org/collection/david-beason-shipping-clerk-denver-colorado-72581-p19852816,P1985.28.16,In the American West,in_the_american_west,2026-08-28,portrait,1,yes,none,true,,single_frame,three_quarter_body,frontal,toward_image_right,neutral,frontal,full,leg_or_foot,camera,closed_neutral,medium,partial,resting,level,slight,mixed,image_right,still,portrait,centered,balanced,white,yes,no,yes,,,black_and_white,unclear,unclear,unclear,medium,unclear,unclear,官方 Carter 详情页图像实际显示：单人黑白肖像；男性头部明显向画面右侧倾斜，脸部近正面，躯干略有侧转并向画面右侧偏斜；双眼朝向镜头，嘴唇闭合；双臂下垂，手部在画面下缘部分进入；画面下缘截在大腿上部；人物居中；白色连续背景，四周可见黑色印框；未见环境。,medium,true,头部水平旋转接近正面与轻微三分之一区间，手部下缘可见程度与景别边界需高分辨率复核；白色背景与单人单帧结构已由官方图像确认。,codex-carter-v2,2026-08-28
AP-EXP-CAR-31,"Patricia Wilde, housekeeper, Kalispell, Montana, 6/12/81",1981-06-12,Amon Carter Museum of American Art,https://www.cartermuseum.org/collection/patricia-wilde-housekeeper-kalispell-montana-61281-p19852863,P1985.28.63,In the American West,in_the_american_west,2026-08-28,portrait,1,yes,none,true,,single_frame,waist_up,frontal,level,neutral,frontal,full,none,camera,closed_neutral,medium,partial,resting,level,slight,mixed,centered,still,portrait,centered,balanced,white,yes,no,yes,,,black_and_white,unclear,unclear,unclear,medium,unclear,unclear,官方 Carter 详情页图像实际显示：单人黑白肖像；女性头部正面、躯干略有侧转；双眼朝向镜头，嘴唇闭合；长发与格纹外套清晰可见；手部在画面下缘部分进入；画面下缘位于腰部附近；人物居中；白色连续背景，四周可见黑色印框；未见环境。,medium,true,躯干方向与下缘手部可见程度需高分辨率复核；景别、单人结构和受控背景已由官方图像确认。,codex-carter-v2,2026-08-28
AP-EXP-CAR-32,"Wilbur Powell, rancher, Ennis, Montana, 7/4/78",1978-07-04,Amon Carter Museum of American Art,https://www.cartermuseum.org/collection/wilbur-powell-rancher-ennis-montana-7478-p19852825,P1985.28.25,In the American West,in_the_american_west,2026-08-28,portrait,1,yes,none,true,,single_frame,waist_up,frontal,level,neutral,frontal,full,none,camera,closed_neutral,medium,both,touching_body,level,none,open,centered,still,portrait,centered,balanced,white,yes,no,yes,,,black_and_white,unclear,unclear,unclear,medium,unclear,unclear,官方 Carter 详情页图像实际显示：单人黑白肖像；男性戴牛仔帽，头部和躯干正面；双眼朝向镜头，嘴唇闭合；双手置于腰部/髋部；画面下缘位于腰部附近；人物居中；白色连续背景，四周可见黑色印框；未见环境。,high,false,,codex-carter-v2,2026-08-28
AP-EXP-FND-01,"Gloria Vanderbilt, December 17, 1953",1953-12-17,The Richard Avedon Foundation,https://www.avedonfoundation.org/the-work,,,formal_portrait_general,2026-08-28,portrait,1,yes,none,true,,single_frame,bust,three_quarter_facing_image_right,level,neutral,three_quarter_facing_image_right,full,none,camera,lips_parted,low,none,not_applicable,level,slight,open,not_assessable,still,square,centered,balanced,mid_gray,yes,no,no,0.36,0.91,black_and_white,image_left,soft,one_side,medium,no,small,单人肩胸像；头部与上半身转向画面右侧，双肩和颈部可见，背景为连续中灰，脸部五官完整。,medium,false,,foundation_v2_visual_review,2026-08-28
AP-EXP-FND-02,"Bianca Jagger, Hollywood studio, January 25, 1972",1972-01-25,The Richard Avedon Foundation,https://www.avedonfoundation.org/the-work,,,formal_portrait_general,2026-08-28,portrait,1,yes,none,true,,single_frame,bust,frontal,level,neutral,frontal,full,none,camera,closed_neutral,low,one,touching_body,level,slight,mixed,not_assessable,still,portrait,centered,balanced,mid_gray,yes,no,no,0.34,0.96,black_and_white,frontal,soft,minimal,medium,no,small,单人胸像；人物直面镜头，单手横跨并接触另一侧肩部，背景为连续中灰，画面无可辨环境。,medium,false,,foundation_v2_visual_review,2026-08-28
AP-EXP-FND-04,"Janis Joplin, musician, Port Arthur, Texas, August 28, 1969",1969-08-28,The Richard Avedon Foundation,https://www.avedonfoundation.org/the-work,,,formal_portrait_general,2026-08-28,portrait,1,yes,none,true,,single_frame,waist_up,frontal,level,neutral,frontal,full,none,camera,closed_neutral,medium,both,multiple,one_raised,slight,mixed,centered,still,portrait,centered,balanced,mid_gray,yes,no,yes,0.23,0.95,black_and_white,frontal,soft,one_side,medium,no,medium,单人至腰部肖像；人物面向镜头，一手置于胸前、另一手支在髋部，双臂和饰物入镜；背景为连续中灰，画幅边缘可见黑色扫描边框。,medium,false,,foundation_v2_visual_review,2026-08-28
AP-EXP-FND-05,"Linus Pauling, scientist, New York City, January 13, 1964",1964-01-13,The Richard Avedon Foundation,https://www.avedonfoundation.org/the-work,,,formal_portrait_general,2026-08-28,portrait,1,yes,none,true,,single_frame,tight_head,frontal,level,neutral,not_visible,full,none,camera,closed_neutral,medium,none,not_applicable,not_visible,not_visible,not_assessable,not_assessable,still,square,centered,balanced,dark,yes,no,no,0.63,0.86,black_and_white,image_right,hard,one_side,high,no,large,单人近距离头部肖像；头部与脸部占画面主体，视线直向镜头；画面下缘仅见衣领和肩部边缘，背景为连续深色，面部明暗在左右两侧形成明显分界。,high,false,,foundation_v2_visual_review,2026-08-28
AP-EXP-FND-06,"Truman Capote, New York, October 10, 1955",1955-10-10,The Richard Avedon Foundation,https://www.avedonfoundation.org/the-work,,,formal_portrait_general,2026-08-28,portrait,1,yes,none,true,,single_frame,bust,three_quarter_facing_image_left,toward_image_left,raised,frontal,full,none,eyes_closed,closed_neutral,low,none,not_applicable,level,none,open,not_assessable,still,square,centered,balanced,white,yes,no,yes,0.35,0.95,black_and_white,image_right,soft,one_side,medium,no,small,单人胸像；头部向画面左侧倾斜并抬起下巴，双眼闭合，肩部和上胸部完整入镜；背景为连续白色，画幅四周可见细黑边框。,high,false,,foundation_v2_visual_review,2026-08-28
AP-EXP-FND-07,"Marella Agnelli, New York, December 16, 1953",1953-12-16,The Richard Avedon Foundation,https://www.avedonfoundation.org/the-work,,,formal_portrait_general,2026-08-28,portrait,1,yes,none,true,,single_frame,waist_up,three_quarter_facing_image_right,level,neutral,three_quarter_facing_image_right,full,none,camera,closed_neutral,low,none,not_applicable,not_visible,strong,open,not_assessable,still,portrait,image_left,image_right,mid_gray,yes,no,no,0.24,0.92,black_and_white,image_right,medium,one_side,medium,no,medium,单人至腰部肖像；人物位于画面左侧，上半身明显转向画面右侧，头部回转面对镜头；单侧肩部和无袖服装可见，右侧留有大块连续中灰留白。,medium,false,,foundation_v2_visual_review,2026-08-28
AP-EXP-FND-08,"Perry Smith, murderer of ""In Cold Blood"" by Truman Capote, Garden City, Kansas, April 1960",1960-04,The Richard Avedon Foundation,https://www.avedonfoundation.org/the-work,,,formal_portrait_general,2026-08-28,portrait,1,yes,none,true,,single_frame,waist_up,frontal,level,neutral,frontal,full,none,camera,closed_neutral,low,both,touching_body,level,none,closed,seated,still,square,centered,balanced,white,yes,no,yes,0.24,0.97,black_and_white,frontal,soft,minimal,medium,no,medium,单人至腰部肖像；人物正面坐姿，双臂交叉并以双手接触上臂，白衬衫袖口与手臂纹身可见；背景为连续白色，画幅四周可见黑边。,high,false,,foundation_v2_visual_review,2026-08-28
AP-EXP-FND-09,"Adam Clayton Powell, congressman, New York City, March 6, 1964",1964-03-06,The Richard Avedon Foundation,https://www.avedonfoundation.org/the-work,,,formal_portrait_general,2026-08-28,portrait,1,yes,none,true,,single_frame,three_quarter_body,three_quarter_facing_image_right,level,neutral,three_quarter_facing_image_right,full,leg_or_foot,image_right,open_expression,high,both,gesturing,level,slight,open,image_right,gesture_in_progress,portrait,image_right,image_left,white,yes,no,no,0.16,0.86,black_and_white,image_left,medium,one_side,high,no,large,单人三分之四身肖像；人物偏在画面右侧，身体向画面右侧转，一只手向画面左侧伸出并张开，另一只手位于腰前；面部处于张口的动态表情，腿部在画面下缘被裁切。,high,false,,foundation_v2_visual_review,2026-08-28
AP-EXP-FND-10,"Jasper Johns, artist, New York, April 29, 1976",1976-04-29,The Richard Avedon Foundation,https://www.avedonfoundation.org/the-work,,,formal_portrait_general,2026-08-28,portrait,1,yes,none,true,,single_frame,waist_up,frontal,level,neutral,frontal,full,none,camera,closed_neutral,low,both,resting,level,none,closed,centered,still,portrait,centered,balanced,white,yes,no,yes,0.22,0.97,black_and_white,frontal,soft,minimal,medium,no,medium,单人至腰部肖像；人物正面站立，双手落在裤袋位置，视线直向镜头；白色连续背景占据四周，画幅边缘可见黑色扫描边框。,high,false,,foundation_v2_visual_review,2026-08-28
AP-EXP-FND-12,"George Bush, Director, CIA, Langley, Virginia, March 2, 1976",1976-03-02,The Richard Avedon Foundation,https://www.avedonfoundation.org/the-work,,,formal_portrait_general,2026-08-28,portrait,1,yes,none,true,,single_frame,waist_up,frontal,level,neutral,frontal,full,none,camera,closed_neutral,low,both,resting,level,none,closed,centered,still,portrait,centered,balanced,white,yes,no,yes,0.27,0.98,black_and_white,frontal,soft,minimal,high,no,large,单人至腰部肖像；人物正面穿西装站立，双手置于裤袋，视线直向镜头；白色连续背景，画幅四周可见黑色扫描边框。,high,false,,foundation_v2_visual_review,2026-08-28
AP-EXP-FND-14,"Isak Dinesen, writer, Copenhagen, Denmark, April 9, 1958",1958-04-09,The Richard Avedon Foundation,https://www.avedonfoundation.org/the-work,,,formal_portrait_general,2026-08-28,portrait,1,yes,none,true,,single_frame,waist_up,frontal,level,raised,frontal,full,none,camera,closed_neutral,medium,none,not_applicable,level,none,closed,not_assessable,still,square,centered,balanced,white,no,yes,no,0.24,0.99,black_and_white,frontal,medium,under_features,high,no,large,单人至腰部肖像；人物正面位于画面中央，头部略抬起，蓬松深色外套覆盖大部分躯干；白色背景下缘可见水平暗色边界，左侧有轻微背景褶痕。,medium,true,厚重外套遮住腰线，景别与背景边界需要复核。,foundation_v2_visual_review,2026-08-28
AP-EXP-FND-15,"Dick Hickock, murderer of ""In Cold Blood"" by Truman Capote, Garden City, Kansas, April 1960",1960-04,The Richard Avedon Foundation,https://www.avedonfoundation.org/the-work,,,formal_portrait_general,2026-08-28,portrait,1,yes,none,true,,single_frame,waist_up,frontal,level,neutral,frontal,full,none,camera,closed_neutral,low,both,touching_body,level,none,closed,seated,still,square,centered,balanced,white,yes,no,yes,0.23,0.97,black_and_white,frontal,soft,minimal,medium,no,medium,单人至腰部肖像；人物正面坐姿，双臂交叉并以双手接触上臂，卷袖衬衫与手臂纹身可见；背景为连续白色，画幅四周可见黑边。,high,false,,foundation_v2_visual_review,2026-08-28
AP-EXP-FND-16,"Marian Anderson, singer, in the role of Ulrica in ""Un Ballo in Maschera,"" New York City, June 30, 1955",1955-06-30,The Richard Avedon Foundation,https://www.avedonfoundation.org/the-work,,,formal_portrait_general,2026-08-28,portrait,1,yes,none,true,,single_frame,tight_head,frontal,level,neutral,frontal,full,top_of_head,eyes_closed,open_expression,high,none,not_applicable,level,none,not_assessable,not_assessable,still,landscape,image_right,image_left,white,yes,no,no,0.58,1.00,black_and_white,frontal,medium,under_features,high,no,large,单人紧裁头部近景；脸部完整且正面朝向画面；双眼闭合；嘴呈明显张口形态；长发向画面左侧和上方展开；珠串及肩部入镜；白色连续背景；人物视觉重心偏画面右侧。,medium,false,,foundation_v2_visual_review,2026-08-28
AP-EXP-FND-17,"Katharine Graham, Chairman of the Board, the Washington Post Company, Washington, DC, March 11, 1976",1976-03-11,The Richard Avedon Foundation,https://www.avedonfoundation.org/the-work,,,formal_portrait_general,2026-08-28,portrait,1,yes,none,true,,single_frame,waist_up,frontal,level,neutral,frontal,full,none,camera,closed_neutral,low,both,touching_body,level,none,closed,centered,still,portrait,centered,balanced,white,yes,no,yes,0.18,0.97,black_and_white,frontal,soft,minimal,medium,no,medium,单人腰部以上正面肖像；头部正面；视线直视镜头；嘴闭合；双臂交叉且双手搭在对侧前臂；身穿有领纽扣衬衫；白色连续背景；画面四周可见黑色边框；人物居中。,high,false,,foundation_v2_visual_review,2026-08-28
AP-EXP-FND-18,"Sophia Loren, hair by Ara Gallant, New York, October 2, 1970",1970-10-02,The Richard Avedon Foundation,https://www.avedonfoundation.org/the-work,,,formal_portrait_general,2026-08-28,portrait,1,yes,none,review,,single_frame,head_and_shoulders,profile_facing_image_left,level,raised,frontal,full,top_of_head,eyes_closed,closed_neutral,low,none,not_applicable,level,not_visible,not_assessable,not_assessable,still,landscape,centered,minimal,mid_gray,yes,no,no,0.47,1.00,black_and_white,image_left,medium,one_side,high,yes,large,单人头肩近景；脸部完整且近侧面朝向画面左侧；双眼闭合；嘴唇闭合；头发向画面右侧和上方大幅展开；裸露肩部入镜；中灰连续背景；主体头发填满画面右侧。,medium,true,需复核其美发造型语境与 formal_portrait_general 的边界；图像本身为单人极简背景且未见广告或场景信息。 边界记录：美发或时尚造型语境可能超出 V1 正式肖像范围；保留作审阅，不作为路线证据。,foundation_v2_visual_review,2026-08-28
AP-EXP-FND-19,"Commander Alan Shepard, astronaut, Langley Field, Virginia, March 31, 1961",1961-03-31,The Richard Avedon Foundation,https://www.avedonfoundation.org/the-work,,,formal_portrait_general,2026-08-28,portrait,1,yes,none,true,,single_frame,three_quarter_body,frontal,level,neutral,frontal,full,leg_or_foot,camera,open_smile_teeth,high,both,resting,level,none,open,centered,still,square,centered,balanced,white,yes,no,yes,0.13,0.98,black_and_white,frontal,soft,minimal,medium,no,medium,单人宇航员约四分之三身正面肖像；脸部完整；视线朝镜头；露齿笑；双臂自然下垂；双手戴手套可见；金属质感宇航服和胸前设备占据主体；双脚未进入画面下缘；白色无缝背景；四周可见黑色边框；人物居中。,high,false,,foundation_v2_visual_review,2026-08-28
AP-EXP-FND-20,"Brigitte Bardot, hair by Alexandre, Paris, January 27, 1959",1959-01-27,The Richard Avedon Foundation,https://www.avedonfoundation.org/the-work,,,formal_portrait_general,2026-08-28,portrait,1,yes,none,review,,single_frame,head_and_shoulders,frontal,level,neutral,frontal,full,top_of_head,camera,lips_parted,low,none,not_applicable,level,none,not_assessable,not_assessable,still,portrait,centered,balanced,mid_gray,yes,no,no,0.40,0.98,black_and_white,frontal,soft,minimal,medium,no,medium,单人头肩近景；脸部完整正面；双眼朝镜头；嘴唇略分开；浅色大卷发包围头部和肩部；肩线入镜；中灰连续背景；无地点或环境信息。,medium,true,需复核美发造型与正式肖像的边界；图像本身为单人头肩、连续中灰背景且未见其他时装场景。 边界记录：美发或时尚造型语境可能超出 V1 正式肖像范围；保留作审阅，不作为路线证据。,foundation_v2_visual_review,2026-08-28
AP-EXP-MUS-01,Manny Celler,"August 12, 1976","National Portrait Gallery, Smithsonian Institution",https://npg.si.edu/object/npg_NPG.89.83.15,NPG.89.83.15,,formal_portrait_general,2026-08-28,portrait,1,yes,none,true,,single_frame,waist_up,frontal,level,neutral,frontal,full,none,camera,closed_neutral,low,partial,resting,level,none,closed,centered,still,portrait,centered,balanced,white,yes,no,yes,0.28,0.86,black_and_white,frontal,soft,one_side,medium,no,medium,单人单帧；头部至大腿上部附近可见；头和躯干正对镜头；目光朝镜头；嘴闭合；双手在身体两侧部分可见并自然下垂；人物居中；背景为白色无缝面；画面四周可见黑色印框；未见环境物件。,high,false,,Codex museum expansion,2026-08-28
AP-EXP-MUS-02,Shirley Anita St. Hill Chisholm,"July 12, 1976","National Portrait Gallery, Smithsonian Institution",https://npg.si.edu/object/npg_NPG.89.83.17,NPG.89.83.17,,formal_portrait_general,2026-08-28,portrait,1,yes,none,true,,single_frame,three_quarter_body,frontal,level,neutral,frontal,full,none,camera,closed_neutral,medium,partial,resting,level,none,open,centered,still,portrait,centered,balanced,white,yes,no,yes,0.25,0.90,black_and_white,frontal,soft,one_side,medium,no,medium,单人单帧；头部至大腿中部附近可见；头和躯干正对镜头；目光朝镜头；嘴闭合；双臂下垂；双手在下缘处部分可见；人物居中；背景为白色无缝面；画面四周可见黑色印框；未见环境物件。,high,false,,Codex museum expansion,2026-08-28
AP-EXP-MUS-03,Daniel Patrick Moynihan,"July 12, 1976","National Portrait Gallery, Smithsonian Institution",https://npg.si.edu/object/npg_NPG.89.83.43,NPG.89.83.43,,formal_portrait_general,2026-08-28,portrait,1,yes,none,true,,single_frame,waist_up,frontal,level,neutral,frontal,full,none,camera,closed_neutral,medium,partial,resting,level,none,open,centered,still,portrait,centered,balanced,white,yes,no,yes,0.27,0.89,black_and_white,frontal,soft,under_features,high,no,large,单人单帧；头部至大腿上部附近可见；头和躯干正对镜头；目光朝镜头；嘴闭合并略带弯曲；双臂屈曲向外；双手在腰后仅部分可见；人物居中；背景为白色无缝面；画面四周可见黑色印框；未见环境物件。,high,false,,Codex museum expansion,2026-08-28
AP-EXP-MUS-04,Ronald Reagan,"March 4, 1976","National Portrait Gallery, Smithsonian Institution",https://npg.si.edu/object/npg_NPG.89.83.49,NPG.89.83.49,,formal_portrait_general,2026-08-28,portrait,1,yes,none,true,,single_frame,waist_up,frontal,level,neutral,frontal,full,none,camera,closed_neutral,low,none,not_applicable,level,none,open,centered,still,portrait,centered,balanced,white,yes,no,yes,0.27,0.91,black_and_white,frontal,soft,one_side,high,no,large,单人单帧；头部至大腿上部附近可见；头和躯干正对镜头；目光朝镜头；嘴闭合；双手未入镜；人物居中；背景为白色无缝面；画面四周可见黑色印框；未见环境物件。,high,false,,Codex museum expansion,2026-08-28
AP-EXP-MUS-05,"Killer Joe Piro, dance teacher, New York","January 3, 1962",The Museum of Modern Art,https://www.moma.org/collection/works/128619,479.2009,,formal_portrait_general,2026-08-28,portrait,1,yes,none,true,,single_frame,tight_head,frontal,level,lowered,frontal,full,none,camera,open_smile_teeth,high,both,gesturing,both_raised,none,open,not_assessable,gesture_in_progress,square,centered,balanced,mid_gray,yes,no,no,0.72,0.88,black_and_white,frontal,soft,under_features,medium,no,medium,单人单帧；横向画面中头部和双肩及上胸部近距离入镜；脸正对镜头；下颌略收；目光朝镜头；嘴张开露齿；双手在脸侧抬起并各伸出食指；人物居中；背景为均匀中灰无缝面；未见环境物件或印框。,high,false,,Codex museum expansion,2026-08-28
AP-EXP-MUS-06,Mark Felt,"July 8, 1976","National Portrait Gallery, Smithsonian Institution",https://npg.si.edu/object/npg_NPG.89.83.22,NPG.89.83.22,,formal_portrait_general,2026-08-28,portrait,1,yes,none,true,,single_frame,bust,frontal,level,neutral,frontal,full,none,camera,closed_neutral,low,none,not_applicable,level,none,not_assessable,not_assessable,still,portrait,centered,balanced,white,yes,no,yes,0.28,0.86,black_and_white,frontal,soft,one_side,medium,no,medium,单人单帧；头部、双肩和上胸部入镜，下缘裁在胸部附近；头和躯干正对镜头；双眼朝镜头，嘴闭合；双手未入镜；人物居中；白色无缝背景，画面四周可见黑色印框；未见环境物件。,high,false,,Codex museum expansion,2026-08-28
AP-EXP-MUS-07,Asa Philip Randolph,"April 8, 1976","National Portrait Gallery, Smithsonian Institution",https://npg.si.edu/object/npg_NPG.89.83.48,NPG.89.83.48,,formal_portrait_general,2026-08-28,portrait,1,yes,none,true,,single_frame,waist_up,frontal,level,neutral,frontal,full,none,camera,closed_neutral,low,both,multiple,level,none,open,centered,still,portrait,centered,balanced,white,yes,no,yes,0.27,0.92,black_and_white,frontal,soft,one_side,high,no,large,单人单帧；头部至髋部附近可见；头和躯干正对镜头；双眼朝镜头，嘴闭合；一只手握住画面下缘的帽子，另一只手在身体旁自然下垂；人物居中；白色无缝背景，画面四周可见黑色印框；未见环境物件。,high,false,,Codex museum expansion,2026-08-28
AP-EXP-MUS-08,Nelson Rockefeller,"June 28, 1976","National Portrait Gallery, Smithsonian Institution",https://npg.si.edu/object/npg_NPG.89.83.52,NPG.89.83.52,,formal_portrait_general,2026-08-28,portrait,1,yes,none,true,,single_frame,waist_up,frontal,level,neutral,frontal,full,none,camera,closed_smile,low,none,not_applicable,level,none,open,centered,still,portrait,centered,balanced,white,yes,no,yes,0.25,0.90,black_and_white,frontal,soft,one_side,high,no,large,单人单帧；头部至腰部附近可见；头和躯干正对镜头；双眼朝镜头，嘴闭合并略带弯曲；双手未入镜；人物居中；白色无缝背景，画面四周可见黑色印框；未见环境物件。,high,false,,Codex museum expansion,2026-08-28
AP-EXP-MUS-09,Pete Rozelle,"July 7, 1976","National Portrait Gallery, Smithsonian Institution",https://npg.si.edu/object/npg_S_NPG.89.83.56,S/NPG.89.83.56,,formal_portrait_general,2026-08-28,portrait,1,yes,none,true,,single_frame,waist_up,frontal,level,neutral,frontal,full,none,camera,closed_neutral,low,none,not_applicable,level,none,open,centered,still,portrait,centered,balanced,white,yes,no,yes,0.25,0.89,black_and_white,frontal,soft,one_side,medium,no,medium,单人单帧；头部至腰部附近可见；头和躯干正对镜头；双眼朝镜头，嘴闭合；双手未入镜；人物居中；白色无缝背景，画面四周可见黑色印框；未见环境物件。,high,false,,Codex museum expansion,2026-08-28
AP-EXP-MUS-10,James Skelly Wright,"July 29, 1976","National Portrait Gallery, Smithsonian Institution",https://npg.si.edu/object/npg_S_NPG.89.83.67,S/NPG.89.83.67,,formal_portrait_general,2026-08-28,portrait,1,yes,none,true,,single_frame,waist_up,frontal,level,neutral,frontal,full,none,camera,closed_smile,low,none,not_applicable,level,none,open,centered,still,portrait,centered,balanced,white,yes,no,yes,0.25,0.90,black_and_white,frontal,soft,one_side,high,no,large,单人单帧；头部至腰部附近可见；头和躯干正对镜头；双眼朝镜头，嘴闭合并略带弯曲；双手未入镜；人物居中；白色无缝背景，画面四周可见黑色印框；未见环境物件。,high,false,,Codex museum expansion,2026-08-28
AP-EXP-MUS-16,"Malcolm X, Black Nationalist leader, New York","March 27, 1963",The Museum of Modern Art,https://www.moma.org/collection/works/128621,480.2009,,formal_portrait_general,2026-08-28,portrait,1,yes,none,true,,single_frame,tight_head,frontal,level,neutral,frontal,occluded,none,not_visible,closed_neutral,not_assessable,none,not_applicable,unclear,unclear,not_assessable,not_assessable,still,portrait,centered,minimal,light_gray,yes,no,no,,,black_and_white,frontal,medium,one_side,medium,no,medium,单人紧头部肖像；黑白；太阳镜遮住眼部；白色至浅灰色无缝背景；肩部边缘可见；无可见环境或手部。,high,true,太阳镜遮挡双眼；可作为紧裁头部记录，但不得支持完整可见脸部路线。,codex-museum-v2,2026-08-28
AP-EXP-MUS-17,"Oscar Levant, Pianist, Beverly Hills, California","April 12, 1972",The Metropolitan Museum of Art,https://www.metmuseum.org/art/collection/search/284305,2002.379.46,,formal_portrait_general,2026-08-28,portrait,1,yes,none,true,,single_frame,tight_head,frontal,level,neutral,frontal,full,none,camera,open_expression,high,none,not_applicable,both_raised,none,closed,not_assessable,still,square,centered,balanced,white,yes,no,yes,0.50,0.80,black_and_white,frontal,soft,under_features,high,no,large,单人单帧紧头部肖像；脸正对镜头并占画面主体；双眼眯起，嘴张开并露齿；厚外套与抬高的双肩占据画面下部；白色连续背景，四周可见黑色印框。,high,false,,Codex frontal-close expansion,2026-08-28
AP-EXP-MUS-18,"Jean Renoir, Director, Beverly Hills, California","April 11, 1972",The Metropolitan Museum of Art,https://www.metmuseum.org/art/collection/search/284306,2002.379.48,,formal_portrait_general,2026-08-28,portrait,1,yes,none,true,,single_frame,tight_head,frontal,level,neutral,frontal,full,none,image_right,closed_neutral,low,none,not_applicable,level,none,not_assessable,not_assessable,still,square,centered,balanced,white,yes,no,yes,0.58,0.84,black_and_white,frontal,soft,under_features,high,no,large,单人单帧紧头部肖像；脸部完整并正面朝向画面，目光偏向画面右侧；嘴闭合；肩部、深色外衣与领巾位于下缘；白色连续背景，四周可见黑色印框。,high,false,,Codex frontal-close expansion,2026-08-28
AP-EXP-GET-01,"Henry Miller, Writer, Pacific Palisades, California, 9-24-68","negative September 24, 1968; print 1975",J. Paul Getty Museum,https://www.getty.edu/art/collection/object/108GRD,2000.67.1,,formal_portrait_general,2026-08-28,portrait,1,yes,none,true,,single_frame,tight_head,frontal,level,neutral,frontal,full,none,image_left,closed_neutral,low,none,not_applicable,level,none,not_assessable,not_assessable,still,square,centered,balanced,white,yes,no,yes,0.52,0.88,black_and_white,image_left,medium,one_side,high,no,medium,单人单帧紧头部肖像；秃顶头部与完整脸部占画面主体，目光偏向画面左侧；嘴闭合；开领衬衫与双肩进入下缘；白色连续背景，四周可见黑色印框；面部画面右侧阴影较深。,high,false,,Codex frontal-close expansion,2026-08-28
AP-EXP-GET-02,"Walter Hickock, Father of Dick Hickock, Garden City, Kansas, April 1960","negative April 15, 1960; print 1961",J. Paul Getty Museum,https://www.getty.edu/art/collection/object/108GRJ,2000.67.7,,formal_portrait_general,2026-08-28,portrait,1,yes,none,true,,single_frame,tight_head,frontal,level,neutral,frontal,full,none,camera,closed_neutral,low,none,not_applicable,level,none,not_assessable,not_assessable,still,portrait,centered,balanced,white,yes,no,no,0.56,0.96,black_and_white,frontal,soft,under_features,medium,no,medium,单人单帧紧头部肖像；完整脸部正对镜头，双眼朝镜头，嘴闭合；夹克、衬衫和领带进入下缘；浅色连续背景；未见环境、手部或黑色印框。,high,false,,Codex frontal-close expansion,2026-08-28
AP-EXP-GET-03,"Dick Hickock, Murderer, Garden City, Kansas, April 1960","negative April 15, 1960; print 1961",J. Paul Getty Museum,https://www.getty.edu/art/collection/object/108GRH,2000.67.6,,formal_portrait_general,2026-08-28,portrait,1,yes,none,true,,single_frame,tight_head,frontal,level,neutral,frontal,full,none,camera,closed_neutral,low,none,not_applicable,level,none,not_assessable,not_assessable,still,portrait,centered,balanced,white,yes,no,no,0.52,0.94,black_and_white,frontal,soft,minimal,medium,no,small,单人单帧紧头部肖像；完整脸部正对镜头，双眼朝镜头，嘴闭合；向后梳理的头发完整入画，颈部与少量衣领进入下缘；白色连续背景；画面印到纸边，未见黑色印框。,high,false,,Codex frontal-close expansion,2026-08-28
