pool_id,title,work_date,source_institution,source_url,accession_id,source_series,practice,subject_count_from_title,v1_candidate,exclusion_reason,source_checked_on
AP-CAR-0001,"A. L. Bean, cotton farmer, Sweetwater, Texas, 3/10/79",1979,Amon Carter Museum of American Art,https://www.cartermuseum.org/collection/l-bean-cotton-farmer-sweetwater-texas-31079-p19852840,P1985.28.40,In the American West,portrait,1,true,,2026-08-27
AP-CAR-0002,"Alfred Lester, dryland farmer, Charboneau, North Dakota, 8/17/82",1982,Amon Carter Museum of American Art,https://www.cartermuseum.org/collection/alfred-lester-dryland-farmer-charboneau-north-dakota-81782-p19852880,P1985.28.80,In the American West,portrait,1,true,,2026-08-27
AP-CAR-0003,"Allen Silvy, drifter, Route 93, Chloride, Nevada, 12/14/80",1980,Amon Carter Museum of American Art,https://www.cartermuseum.org/collection/allen-silvy-drifter-route-93-chloride-nevada-121480-p19852841,P1985.28.41,In the American West,portrait,1,true,,2026-08-27
AP-CAR-0004,"Alton Terry, oil field worker, Frenstat, Texas, 9/28/80",1980,Amon Carter Museum of American Art,https://www.cartermuseum.org/collection/alton-terry-oil-field-worker-frenstat-texas-92880-p19852858,P1985.28.58,In the American West,portrait,1,true,,2026-08-27
AP-CAR-0005,"Andrea D'Amato, student, Santa Fe, New Mexico, 4/3/80",1980,Amon Carter Museum of American Art,https://www.cartermuseum.org/collection/andrea-damato-student-santa-fe-new-mexico-4380-p19852883,P1985.28.83,In the American West,portrait,1,true,,2026-08-27
AP-CAR-0006,"Ann Marie Gustin, equipment specialist, USAF, Fort Bridger, Wyoming, 9/2/83",1983,Amon Carter Museum of American Art,https://www.cartermuseum.org/collection/ann-marie-gustin-equipment-specialist-usaf-fort-bridger-wyoming-9283-p19852871,P1985.28.71,In the American West,portrait,1,true,,2026-08-27
AP-CAR-0007,"Annette Gonzales, housewife, and her sister Lydia Ranck, secretary, Santuario de Chimayo, New Mexico, Easter Sunday, 4/6/80",1980,Amon Carter Museum of American Art,https://www.cartermuseum.org/carter-collection/collection-group/american-west?page=0,P1985.28.27,In the American West,portrait,2,false,title names 2 human subjects,2026-08-27
AP-CAR-0008,"B. J. Van Fleet, nine year old, Ennis, Montana, 7/2/82",1982,Amon Carter Museum of American Art,https://www.cartermuseum.org/collection/b-j-van-fleet-nine-year-old-ennis-montana-7282-p19852865,P1985.28.65,In the American West,portrait,1,true,,2026-08-27
AP-CAR-0009,"Benson James, drifter, Route 66, Gallup, New Mexico, 6/30/79",1979,Amon Carter Museum of American Art,https://www.cartermuseum.org/collection/benson-james-drifter-route-66-gallup-new-mexico-63079-p19852826,P1985.28.26,In the American West,portrait,1,true,,2026-08-27
AP-CAR-0010,"Beverly Jane Frazier, truck driver, Burley, Idaho, 8/20/83",1983,Amon Carter Museum of American Art,https://www.cartermuseum.org/collection/beverly-jane-frazier-truck-driver-burley-idaho-82083-p19852879,P1985.28.79,In the American West,portrait,1,true,,2026-08-27
AP-CAR-0011,"Bill Curry, drifter, Interstate 40, Yukon, Oklahoma, 6/16/80",1980,Amon Carter Museum of American Art,https://www.cartermuseum.org/collection/bill-curry-drifter-interstate-40-yukon-oklahoma-61680-p19852846,P1985.28.46,In the American West,portrait,1,true,,2026-08-27
AP-CAR-0012,"Bill Hanken, construction worker, Cody, Wyoming, 7/4/82",1982,Amon Carter Museum of American Art,https://www.cartermuseum.org/collection/bill-hanken-construction-worker-cody-wyoming-7482-p19852847,P1985.28.47,In the American West,portrait,1,true,,2026-08-27
AP-CAR-0013,"Billy Joe Danos, day laborer, Cheyenne, Wyoming, 7/25/82",1982,Amon Carter Museum of American Art,https://www.cartermuseum.org/collection/billy-joe-danos-day-laborer-cheyenne-wyoming-72582-p19852844,P1985.28.44,In the American West,portrait,1,true,,2026-08-27
AP-CAR-0014,"Billy Mudd, Trucker, Alto, Texas, 5/7/81",1981,Amon Carter Museum of American Art,https://www.cartermuseum.org/collection/billy-mudd-trucker-alto-texas-5781-p198528105,P1985.28.105,In the American West,portrait,1,true,,2026-08-27
AP-CAR-0015,"Blue Cloud Wright, slaughterhouse worker, Omaha, Nebraska, 8/10/79",1979,Amon Carter Museum of American Art,https://www.cartermuseum.org/collection/blue-cloud-wright-slaughterhouse-worker-omaha-nebraska-81079-p19852862,P1985.28.62,In the American West,portrait,1,true,,2026-08-27
AP-CAR-0016,"Boyd Fortin, thirteen year old, Sweetwater, Texas, 3/10/79",1979,Amon Carter Museum of American Art,https://www.cartermuseum.org/collection/boyd-fortin-thirteen-year-old-sweetwater-texas-31079-p19852881,P1985.28.81,In the American West,portrait,1,true,,2026-08-27
AP-CAR-0017,"Bubba Morrison, oil field worker, Albany, Texas, 6/10/79",1979,Amon Carter Museum of American Art,https://www.cartermuseum.org/collection/bubba-morrison-oil-field-worker-albany-texas-61079-p19852855,P1985.28.55,In the American West,portrait,1,true,,2026-08-27
AP-CAR-0018,"Carey Wright, crop duster, Lamesa, Texas, 3/10/79",1979,Amon Carter Museum of American Art,https://www.cartermuseum.org/collection/carey-wright-crop-duster-lamesa-texas-31079-p198528100,P1985.28.100,In the American West,portrait,1,true,,2026-08-27
AP-CAR-0019,"Carl Hoefert, unemployed blackjack dealer, Reno, Nevada, 8/30/80",1980,Amon Carter Museum of American Art,https://www.cartermuseum.org/collection/carl-hoefert-unemployed-blackjack-dealer-reno-nevada-83080-p19852834,P1985.28.34,In the American West,portrait,1,true,,2026-08-27
AP-CAR-0020,"Carol Crittendon, bartender, Butte, Montana, 7/1/81",1981,Amon Carter Museum of American Art,https://www.cartermuseum.org/collection/carol-crittendon-bartender-butte-montana-7181-p19852845,P1985.28.45,In the American West,portrait,1,true,,2026-08-27
AP-CAR-0021,"Charlene Van Tighem, physical therapist, Augusta, Montana, 6/23/83",1983,Amon Carter Museum of American Art,https://www.cartermuseum.org/collection/charlene-van-tighem-physical-therapist-augusta-montana-62383-p1985281,P1985.28.1,In the American West,portrait,1,true,,2026-08-27
AP-CAR-0022,"Clarence Lippard, drifter, Interstate 80, Sparks, Nevada, 8/29/83",1983,Amon Carter Museum of American Art,https://www.cartermuseum.org/collection/clarence-lippard-drifter-interstate-80-sparks-nevada-82983-p19852870,P1985.28.70,In the American West,portrait,1,true,,2026-08-27
AP-CAR-0023,"Clifford Feldner, unemployed ranch hand, Golden, Colorado, 6/15/83",1983,Amon Carter Museum of American Art,https://www.cartermuseum.org/collection/clifford-feldner-unemployed-ranch-hand-golden-colorado-61583-p19852837,P1985.28.37,In the American West,portrait,1,true,,2026-08-27
AP-CAR-0024,"Clyde Corley, rancher, Belgrade, Montana, 8/26/79",1979,Amon Carter Museum of American Art,https://www.cartermuseum.org/collection/clyde-corley-rancher-belgrade-montana-82679-p19852896,P1985.28.96,In the American West,portrait,1,true,,2026-08-27
AP-CAR-0025,"Cotton Thompson, maintenance man, Fat Stock Show, Fort Worth, Texas, 2/2/80",1980,Amon Carter Museum of American Art,https://www.cartermuseum.org/collection/cotton-thompson-maintenance-man-fat-stock-show-fort-worth-texas-2280-p19852893,P1985.28.93,In the American West,portrait,1,true,,2026-08-27
AP-CAR-0026,"Craig Panike, drummer, High School Band, Weiser, Idaho, 6/27/81",1981,Amon Carter Museum of American Art,https://www.cartermuseum.org/collection/craig-panike-drummer-high-school-band-weiser-idaho-62781-p19852887,P1985.28.87,In the American West,portrait,1,true,,2026-08-27
AP-CAR-0027,"Daniel Salozar, farmer, Santuario de Chimayo, New Mexico, Good Friday, 4/4/80",1980,Amon Carter Museum of American Art,https://www.cartermuseum.org/collection/daniel-salozar-farmer-santuario-de-chimayo-new-mexico-good-friday-4480-p19852850,P1985.28.50,In the American West,portrait,1,true,,2026-08-27
AP-CAR-0028,"Danny Lane, fourteen year old, Christine Coil, seventeen year old, Calhan, Colorado, 7/31/81",1981,Amon Carter Museum of American Art,https://www.cartermuseum.org/carter-collection/collection-group/american-west?page=1,P1985.28.77,In the American West,portrait,2,false,title names 2 human subjects,2026-08-27
AP-CAR-0029,"Dave Timothey, nuclear fallout victim, Orem, Utah, 8/8/80",1980,Amon Carter Museum of American Art,https://www.cartermuseum.org/collection/dave-timothey-nuclear-fallout-victim-orem-utah-8880-p19852854,P1985.28.54,In the American West,portrait,1,true,,2026-08-27
AP-CAR-0030,"David Beason, shipping clerk, Denver, Colorado, 7/25/81",1981,Amon Carter Museum of American Art,https://www.cartermuseum.org/collection/david-beason-shipping-clerk-denver-colorado-72581-p19852816,P1985.28.16,In the American West,portrait,1,true,,2026-08-27
AP-CAR-0031,"David Wurtz, cemetery man, Hutterite Colony, Chester, Montana, 7/21/83",1983,Amon Carter Museum of American Art,https://www.cartermuseum.org/collection/david-wurtz-cemetery-man-hutterite-colony-chester-montana-72183-p19852885,P1985.28.85,In the American West,portrait,1,true,,2026-08-27
AP-CAR-0032,"Dawn Jaynes, waitress, Clint Jones, ranch hand, Rocky Ford, Colorado, 8/23/80",1980,Amon Carter Museum of American Art,https://www.cartermuseum.org/carter-collection/collection-group/american-west?page=1,P1985.28.11,In the American West,portrait,2,false,title names 2 human subjects,2026-08-27
AP-CAR-0033,"Debbie McClendon, carney, Thermopolis, Wyoming, 7/29/81",1981,Amon Carter Museum of American Art,https://www.cartermuseum.org/collection/debbie-mcclendon-carney-thermopolis-wyoming-72981-p19852832,P1985.28.32,In the American West,portrait,1,true,,2026-08-27
AP-CAR-0034,"Debbie McIntyre, practical nurse, and her daughter Marie, Cortez, Colorado, 6/11/83",1983,Amon Carter Museum of American Art,https://www.cartermuseum.org/carter-collection/collection-group/american-west?page=1,P1985.28.109,In the American West,portrait,2,false,title names 2 human subjects,2026-08-27
AP-CAR-0035,"Della Trujillo, waitress, Santuario de Chimayo, New Mexico, Good Friday, 4/4/80",1980,Amon Carter Museum of American Art,https://www.cartermuseum.org/collection/della-trujillo-waitress-santuario-de-chimayo-new-mexico-good-friday-4480-p19852821,P1985.28.21,In the American West,portrait,1,true,,2026-08-27
AP-CAR-0036,"Donald Keen, coal miner, Reliance, Wyoming, 8/28/79",1979,Amon Carter Museum of American Art,https://www.cartermuseum.org/collection/donald-keen-coal-miner-reliance-wyoming-82879-p198528116,P1985.28.116,In the American West,portrait,1,true,,2026-08-27
AP-CAR-0037,"Doug Harper, coal miner, Somerset, Colorado, 8/29/80",1980,Amon Carter Museum of American Art,https://www.cartermuseum.org/collection/doug-harper-coal-miner-somerset-colorado-82980-p198528122,P1985.28.122,In the American West,portrait,1,true,,2026-08-27
AP-CAR-0038,"Edward Roop, coal miner, Paonia, Colorado, 12/19/79",1979,Amon Carter Museum of American Art,https://www.cartermuseum.org/collection/edward-roop-coal-miner-paonia-colorado-121979-p198528117,P1985.28.117,In the American West,portrait,1,true,,2026-08-27
AP-CAR-0039,"Eli Walter, Jr., chicken man, Hutterite Colony, Stanford, Montana, 7/23/83",1983,Amon Carter Museum of American Art,https://www.cartermuseum.org/collection/eli-walter-jr-chicken-man-hutterite-colony-stanford-montana-72383-p19852886,P1985.28.86,In the American West,portrait,1,true,,2026-08-27
AP-CAR-0040,"Emma Lee Wellington, housewife, North Las Vegas, Nevada, 12/15/80",1980,Amon Carter Museum of American Art,https://www.cartermuseum.org/collection/emma-lee-wellington-housewife-north-las-vegas-nevada-121580-p19852818,P1985.28.18,In the American West,portrait,1,true,,2026-08-27
AP-CAR-0041,"Emory J. Stovall, scientist, Los Alamos, New Mexico, 6/12/79",1979,Amon Carter Museum of American Art,https://www.cartermuseum.org/collection/emory-j-stovall-scientist-los-alamos-new-mexico-61279-p19852872,P1985.28.72,In the American West,portrait,1,true,,2026-08-27
AP-CAR-0042,"Freida Kleinsasser, thirteen year old, Hutterite Colony, Harlowton, Montana, 6/23/83",1983,Amon Carter Museum of American Art,https://www.cartermuseum.org/collection/freida-kleinsasser-thirteen-year-old-hutterite-colony-harlowton-montana-62383-p19852884,P1985.28.84,In the American West,portrait,1,true,,2026-08-27
AP-CAR-0043,"G. R. Cook III, rodeo contestant, Douglas, Wyoming, 7/27/81",1981,Amon Carter Museum of American Art,https://www.cartermuseum.org/collection/g-r-cook-iii-rodeo-contestant-douglas-wyoming-72781-p1985285,P1985.28.5,In the American West,portrait,1,true,,2026-08-27
AP-CAR-0044,"Gary Polson, Alvin Rowley, coal miners, Somerset, Colorado, 12/18/79",1979,Amon Carter Museum of American Art,https://www.cartermuseum.org/carter-collection/collection-group/american-west?page=2,P1985.28.120,In the American West,portrait,2,false,title names 2 human subjects,2026-08-27
AP-CAR-0045,"Gilbert Saavedra, patient, State Hospital, Las Vegas, New Mexico, 4/1/80",1980,Amon Carter Museum of American Art,https://www.cartermuseum.org/collection/gilbert-saavedra-patient-state-hospital-las-vegas-new-mexico-4180-p198528104,P1985.28.104,In the American West,portrait,1,true,,2026-08-27
AP-CAR-0046,"Gloria Cloud, waitress, Hobbs, New Mexico, 9/27/80",1980,Amon Carter Museum of American Art,https://www.cartermuseum.org/collection/gloria-cloud-waitress-hobbs-new-mexico-92780-p19852867,P1985.28.67,In the American West,portrait,1,true,,2026-08-27
AP-CAR-0047,"Gordon Stevenson, drifter, Interstate 90, Butte, Montana, 8/25/79",1979,Amon Carter Museum of American Art,https://www.cartermuseum.org/collection/gordon-stevenson-drifter-interstate-90-butte-montana-82579-p198528102,P1985.28.102,In the American West,portrait,1,true,,2026-08-27
AP-CAR-0048,"Hansel Nicholas Burum, coal miner, Somerset, Colorado, 12/17/79",1979,Amon Carter Museum of American Art,https://www.cartermuseum.org/collection/hansel-nicholas-burum-coal-miner-somerset-colorado-121779-p198528123,P1985.28.123,In the American West,portrait,1,true,,2026-08-27
AP-CAR-0049,"Harrison Tsosie, cowboy, Navajo Reservation, Window Rock, Arizona, 6/13/79",1979,Amon Carter Museum of American Art,https://www.cartermuseum.org/collection/harrison-tsosie-cowboy-navajo-reservation-window-rock-arizona-61379-p19852882,P1985.28.82,In the American West,portrait,1,true,,2026-08-27
AP-CAR-0050,"Heidi Hamilton, Gordy Bray, rodeo contestants, Douglas, Wyoming, 7/28/81",1981,Amon Carter Museum of American Art,https://www.cartermuseum.org/carter-collection/collection-group/american-west?page=2,P1985.28.94,In the American West,portrait,2,false,title names 2 human subjects,2026-08-27
AP-CAR-0051,"Henry Glisan, drifter, Denver, Colorado, 6/15/83",1983,Amon Carter Museum of American Art,https://www.cartermuseum.org/collection/henry-glisan-drifter-denver-colorado-61583-p19852813,P1985.28.13,In the American West,portrait,1,true,,2026-08-27
AP-CAR-0052,"Homer Emmons, coal miner, Somerset, Colorado, 8/28/80",1980,Amon Carter Museum of American Art,https://www.cartermuseum.org/collection/homer-emmons-coal-miner-somerset-colorado-82880-p198528124,P1985.28.124,In the American West,portrait,1,true,,2026-08-27
AP-CAR-0053,"James Kimberlin, drifter, State Road 18, Hobbs, New Mexico, 10/7/80",1980,Amon Carter Museum of American Art,https://www.cartermuseum.org/collection/james-kimberlin-drifter-state-road-18-hobbs-new-mexico-10780-p19852822,P1985.28.22,In the American West,portrait,1,true,,2026-08-27
AP-CAR-0054,"James Lykins, oil field worker, Rawson, North Dakota, 8/17/82",1982,Amon Carter Museum of American Art,https://www.cartermuseum.org/collection/james-lykins-oil-field-worker-rawson-north-dakota-81782-p19852849,P1985.28.49,In the American West,portrait,1,true,,2026-08-27
AP-CAR-0055,"James Story, coal miner, Somerset, Colorado, 12/18/79",1979,Amon Carter Museum of American Art,https://www.cartermuseum.org/collection/james-story-coal-miner-somerset-colorado-121879-p198528119,P1985.28.119,In the American West,portrait,1,true,,2026-08-27
AP-CAR-0056,"Janet Tobler, housewife, and her husband Randy, insulator, Glenrock, Wyoming, 9/4/83",1983,Amon Carter Museum of American Art,https://www.cartermuseum.org/carter-collection/collection-group/american-west?page=2,P1985.28.99,In the American West,portrait,2,false,title names 2 human subjects,2026-08-27
AP-CAR-0057,"Jason Jade Hess, fifteen year old, Burley, Idaho, 8/19/83",1983,Amon Carter Museum of American Art,https://www.cartermuseum.org/collection/jason-jade-hess-fifteen-year-old-burley-idaho-81983-p1985282,P1985.28.2,In the American West,portrait,1,true,,2026-08-27
AP-CAR-0058,"Jay Greene, grain thresher, Burley, Idaho, 8/19/83",1983,Amon Carter Museum of American Art,https://www.cartermuseum.org/collection/jay-greene-grain-thresher-burley-idaho-81983-p1985289,P1985.28.9,In the American West,portrait,1,true,,2026-08-27
AP-CAR-0059,"Jeannie Banta, waitress, Salmon, Idaho, 8/25/83",1983,Amon Carter Museum of American Art,https://www.cartermuseum.org/collection/jeannie-banta-waitress-salmon-idaho-82583-p19852842,P1985.28.42,In the American West,portrait,1,true,,2026-08-27
AP-CAR-0060,"Jerry Don Keeter, oil field worker, El Reno, Oklahoma, 6/16/80",1980,Amon Carter Museum of American Art,https://www.cartermuseum.org/collection/jerry-don-keeter-oil-field-worker-el-reno-oklahoma-61680-p19852860,P1985.28.60,In the American West,portrait,1,true,,2026-08-27
AP-CAR-0061,"Jesse Kleinsasser, pig man, Hutterite Colony, Harlowton, Montana, 6/23/83",1983,Amon Carter Museum of American Art,https://www.cartermuseum.org/collection/jesse-kleinsasser-pig-man-hutterite-colony-harlowton-montana-62383-p19852890,P1985.28.90,In the American West,portrait,1,true,,2026-08-27
AP-CAR-0062,"Jesus Cervantes, Manuel Heredia, prisoners, Bexar County Jail, San Antonio, Texas, 6/5/80",1980,Amon Carter Museum of American Art,https://www.cartermuseum.org/carter-collection/collection-group/american-west?page=3,P1985.28.114,In the American West,portrait,2,false,title names 2 human subjects,2026-08-27
AP-CAR-0063,"Jimmy Lopez, gypsum miner, Sweetwater, Texas, 6/15/79",1979,Amon Carter Museum of American Art,https://www.cartermuseum.org/collection/jimmy-lopez-gypsum-miner-sweetwater-texas-61579-p19852859,P1985.28.59,In the American West,portrait,1,true,,2026-08-27
AP-CAR-0064,"Joe Butler, coal miner, Reliance, Wyoming, 8/28/79",1979,Amon Carter Museum of American Art,https://www.cartermuseum.org/collection/joe-butler-coal-miner-reliance-wyoming-82879-p19852853,P1985.28.53,In the American West,portrait,1,true,,2026-08-27
AP-CAR-0065,"Joe Dobosz, uranium miner, Church Rock, New Mexico, 6/13/79",1979,Amon Carter Museum of American Art,https://www.cartermuseum.org/collection/joe-dobosz-uranium-miner-church-rock-new-mexico-61379-p19852857,P1985.28.57,In the American West,portrait,1,true,,2026-08-27
AP-CAR-0066,"John Harrison, lumber salesman, and his daughter Melissa, Lewisville, Texas, 11/22/81",1981,Amon Carter Museum of American Art,https://www.cartermuseum.org/carter-collection/collection-group/american-west?page=3,P1985.28.68,In the American West,portrait,2,false,title names 2 human subjects,2026-08-27
AP-CAR-0067,"Jonathan Stahl, blacksmith, Sam Stahl, farmer, Hutterite Colony, Gilford, Montana, 7/19/83",1983,Amon Carter Museum of American Art,https://www.cartermuseum.org/carter-collection/collection-group/american-west?page=3,P1985.28.89,In the American West,portrait,2,false,title names 2 human subjects,2026-08-27
AP-CAR-0068,"Juan Patricio Lobato, carney, Rocky Ford, Colorado, 8/23/80",1980,Amon Carter Museum of American Art,https://www.cartermuseum.org/collection/juan-patricio-lobato-carney-rocky-ford-colorado-82380-p19852812,P1985.28.12,In the American West,portrait,1,true,,2026-08-27
AP-CAR-0069,"Julia Waldner, fifteen year old, Hutterite Colony, Harlowton, Montana, 6/23/83",1983,Amon Carter Museum of American Art,https://www.cartermuseum.org/collection/julia-waldner-fifteen-year-old-hutterite-colony-harlowton-montana-62383-p19852892,P1985.28.92,In the American West,portrait,1,true,,2026-08-27
AP-CAR-0070,"Justin Wearley, ranch hand, Augusta, Montana, 6/27/82",1982,Amon Carter Museum of American Art,https://www.cartermuseum.org/collection/justin-wearley-ranch-hand-augusta-montana-62782-p19852874,P1985.28.74,In the American West,portrait,1,true,,2026-08-27
AP-CAR-0071,"Lance Barron, Mel Pyeatt, coal miners, Reliance, Wyoming, 8/28/79",1979,Amon Carter Museum of American Art,https://www.cartermuseum.org/carter-collection/collection-group/american-west?page=3,P1985.28.118,In the American West,portrait,2,false,title names 2 human subjects,2026-08-27
AP-CAR-0072,"Leonard Ray Blanchard, ex-prize fighter, Las Vegas, Nevada, 12/14/80",1980,Amon Carter Museum of American Art,https://www.cartermuseum.org/collection/leonard-ray-blanchard-ex-prize-fighter-las-vegas-nevada-121480-p1985286,P1985.28.6,In the American West,portrait,1,true,,2026-08-27
AP-CAR-0073,"Lloyd Bloom, oil field worker, Williston, North Dakota, 8/21/82",1982,Amon Carter Museum of American Art,https://www.cartermuseum.org/collection/lloyd-bloom-oil-field-worker-williston-north-dakota-82182-p198528111,P1985.28.111,In the American West,portrait,1,true,,2026-08-27
AP-CAR-0074,"Loretta, Loudilla, and Kay Johnson, co-presidents, Loretta Lynn Fan Club, Wild Horse, Colorado, 6/16/83",1983,Amon Carter Museum of American Art,https://www.cartermuseum.org/carter-collection/collection-group/american-west?page=3,P1985.28.48,In the American West,portrait,3,false,title names 3 human subjects,2026-08-27
AP-CAR-0075,"Lyal Burr, coal miner, and his sons Kerry and Phillip, the Church of Jesus Christ of Latter-Day Saints, Koosharem, Utah, 5/7/81",1981,Amon Carter Museum of American Art,https://www.cartermuseum.org/carter-collection/collection-group/american-west?page=3,P1985.28.52,In the American West,portrait,3,false,title names 3 human subjects,2026-08-27
AP-CAR-0076,"Marie Larsen, patient, State Hospital, Las Vegas, New Mexico, 4/1/80",1980,Amon Carter Museum of American Art,https://www.cartermuseum.org/collection/marie-larsen-patient-state-hospital-las-vegas-new-mexico-4180-p19852864,P1985.28.64,In the American West,portrait,1,true,,2026-08-27
AP-CAR-0077,"Mark Wyatt, twelve year old, Burley, Idaho, 8/19/83",1983,Amon Carter Museum of American Art,https://www.cartermuseum.org/collection/mark-wyatt-twelve-year-old-burley-idaho-81983-p19852878,P1985.28.78,In the American West,portrait,1,true,,2026-08-27
AP-CAR-0078,"Mart Kleinsasser, sheep man, Mike Kleinsasser, cow man, Hutterite Colony, Harlowton, Montana, 6/23/83",1983,Amon Carter Museum of American Art,https://www.cartermuseum.org/carter-collection/collection-group/american-west?page=3,P1985.28.91,In the American West,portrait,2,false,title names 2 human subjects,2026-08-27
AP-CAR-0079,"Marvin Morrison, hay hauler, Kellie Bennett, salesgirl, Burley, Idaho, 8/19/83",1983,Amon Carter Museum of American Art,https://www.cartermuseum.org/carter-collection/collection-group/american-west?page=3,P1985.28.20,In the American West,portrait,2,false,title names 2 human subjects,2026-08-27
AP-CAR-0080,"Mary Watts, factory worker, and her niece Tricia Steward, Sweetwater, Texas, 3/10/79",1979,Amon Carter Museum of American Art,https://www.cartermuseum.org/carter-collection/collection-group/american-west?page=3,P1985.28.43,In the American West,portrait,2,false,title names 2 human subjects,2026-08-27
AP-CAR-0081,"Max Bennett, retired copper smelter, and his daughter Shannon, Fort Bridger, Wyoming 9/4/83",1983,Amon Carter Museum of American Art,https://www.cartermuseum.org/carter-collection/collection-group/american-west?page=4,P1985.28.4,In the American West,portrait,2,false,title names 2 human subjects,2026-08-27
AP-CAR-0082,"Mike Bencich, Dan Ashberger, coal miners, Somerset, Colorado, 8/29/80",1980,Amon Carter Museum of American Art,https://www.cartermuseum.org/carter-collection/collection-group/american-west?page=4,P1985.28.3,In the American West,portrait,2,false,title names 2 human subjects,2026-08-27
AP-CAR-0083,"Milo Dewitt, cowboy, Payson, Arizona, 8/29/82",1982,Amon Carter Museum of American Art,https://www.cartermuseum.org/collection/milo-dewitt-cowboy-payson-arizona-82982-p19852810,P1985.28.10,In the American West,portrait,1,true,,2026-08-27
AP-CAR-0084,"Myrna Sandoval, eighteen year old, and her sister Claudia, fourteen year old, El Paso, Texas 4/20/82",1982,Amon Carter Museum of American Art,https://www.cartermuseum.org/carter-collection/collection-group/american-west?page=4,P1985.28.51,In the American West,portrait,2,false,title names 2 human subjects,2026-08-27
AP-CAR-0085,"Patricia Wilde, housekeeper, Kalispell, Montana, 6/12/81",1981,Amon Carter Museum of American Art,https://www.cartermuseum.org/collection/patricia-wilde-housekeeper-kalispell-montana-61281-p19852863,P1985.28.63,In the American West,portrait,1,true,,2026-08-27
AP-CAR-0086,"Peggy Daniels, cashier, Giddings, Texas 5/7/81",1981,Amon Carter Museum of American Art,https://www.cartermuseum.org/collection/peggy-daniels-cashier-giddings-texas-5781-p19852839,P1985.28.39,In the American West,portrait,1,true,,2026-08-27
AP-CAR-0087,"Petra Alvarado, factory worker, El Paso, Texas, on her birthday 4/22/82",1982,Amon Carter Museum of American Art,https://www.cartermuseum.org/collection/petra-alvarado-factory-worker-el-paso-texas-her-birthday-42282-p19852814,P1985.28.14,In the American West,portrait,1,true,,2026-08-27
AP-CAR-0088,"Red Owens, oil field worker, Velma, Oklahoma, 6/12/80",1980,Amon Carter Museum of American Art,https://www.cartermuseum.org/collection/red-owens-oil-field-worker-velma-oklahoma-61280-p19852823,P1985.28.23,In the American West,portrait,1,true,,2026-08-27
AP-CAR-0089,"Reverend Andrew Goodwin, pastor, Baptist Church, Miles City, Montana, 5/18/81",1981,Amon Carter Museum of American Art,https://www.cartermuseum.org/collection/reverend-andrew-goodwin-pastor-baptist-church-miles-city-montana-51881-p19852824,P1985.28.24,In the American West,portrait,1,true,,2026-08-27
AP-CAR-0090,"Richard Garber, drifter, Interstate 15, Provo, Utah, 8/20/80",1980,Amon Carter Museum of American Art,https://www.cartermuseum.org/collection/richard-garber-drifter-interstate-15-provo-utah-82080-p198528110,P1985.28.110,In the American West,portrait,1,true,,2026-08-27
AP-CAR-0091,"Richard Wheatcroft, rancher, Jordan, Montana, 6/19/81",1981,Amon Carter Museum of American Art,https://www.cartermuseum.org/collection/richard-wheatcroft-rancher-jordan-montana-61981-p19852835,P1985.28.35,In the American West,portrait,1,true,,2026-08-27
AP-CAR-0092,"Rick Davis, drifter, Interstate 94, Buffalo, North Dakota, 7/13/82",1982,Amon Carter Museum of American Art,https://www.cartermuseum.org/collection/rick-davis-drifter-interstate-94-buffalo-north-dakota-71382-p198528113,P1985.28.113,In the American West,portrait,1,true,,2026-08-27
AP-CAR-0093,"Rick Walters, auto mechanic, Thora Rasmussen, waitress, Calgary, Alberta, 7/16/83",1983,Amon Carter Museum of American Art,https://www.cartermuseum.org/carter-collection/collection-group/american-west?page=4,P1985.28.95,In the American West,portrait,2,false,title names 2 human subjects,2026-08-27
AP-CAR-0094,"Rita Carl, law enforcement student, Sweetwater, Texas, 3/10/79",1979,Amon Carter Museum of American Art,https://www.cartermuseum.org/collection/rita-carl-law-enforcement-student-sweetwater-texas-31079-p19852815,P1985.28.15,In the American West,portrait,1,true,,2026-08-27
AP-CAR-0095,"Robert Dixon, meat packer, Aurora, Colorado, 6/15/83",1983,Amon Carter Museum of American Art,https://www.cartermuseum.org/collection/robert-dixon-meat-packer-aurora-colorado-61583-p19852817,P1985.28.17,In the American West,portrait,1,true,,2026-08-27
AP-CAR-0096,"Robert Gonzalez, prisoner, Bexar County Jail, San Antonio, Texas, 6/5/80",1980,Amon Carter Museum of American Art,https://www.cartermuseum.org/collection/robert-gonzalez-prisoner-bexar-county-jail-san-antonio-texas-6580-p198528103,P1985.28.103,In the American West,portrait,1,true,,2026-08-27
AP-CAR-0097,"Roberto Lopez, oil field worker, Lyons, Texas, 9/28/80",1980,Amon Carter Museum of American Art,https://www.cartermuseum.org/collection/roberto-lopez-oil-field-worker-lyons-texas-92880-p19852876,P1985.28.76,In the American West,portrait,1,true,,2026-08-27
AP-CAR-0098,"Rochelle Justin, patient, State Hospital, Las Vegas, New Mexico, 4/1/80",1980,Amon Carter Museum of American Art,https://www.cartermuseum.org/collection/rochelle-justin-patient-state-hospital-las-vegas-new-mexico-4180-p19852869,P1985.28.69,In the American West,portrait,1,true,,2026-08-27
AP-CAR-0099,"Rocky Burch, fifteen year old, Burley, Idaho, 8/19/83",1983,Amon Carter Museum of American Art,https://www.cartermuseum.org/collection/rocky-burch-fifteen-year-old-burley-idaho-81983-p1985287,P1985.28.7,In the American West,portrait,1,true,,2026-08-27
AP-CAR-0100,"Roger Skaarland, Jim Bingham, coal miners, Reliance, Wyoming, 8/29/79",1979,Amon Carter Museum of American Art,https://www.cartermuseum.org/carter-collection/collection-group/american-west?page=4,P1985.28.115,In the American West,portrait,2,false,title names 2 human subjects,2026-08-27
AP-CAR-0101,"Roger Tims, Jim Duncan, Leonard Markley, Don Belak, coal miners, Reliance, Wyoming, 8/29/79",1979,Amon Carter Museum of American Art,https://www.cartermuseum.org/carter-collection/collection-group/american-west?page=5,P1985.28.121,In the American West,portrait,4,false,title names 4 human subjects,2026-08-27
AP-CAR-0102,"Ronald Fischer, beekeeper, Davis, California, 5/9/81",1981,Amon Carter Museum of American Art,https://www.cartermuseum.org/collection/ronald-fischer-beekeeper-davis-california-5981-p198528107,P1985.28.107,In the American West,portrait,1,true,,2026-08-27
AP-CAR-0103,"Roy Gustavson, unemployed copper miner, and his wife Judy, waitress, Butte, Montana 7/1/83",1983,Amon Carter Museum of American Art,https://www.cartermuseum.org/carter-collection/collection-group/american-west?page=5,P1985.28.38,In the American West,portrait,2,false,title names 2 human subjects,2026-08-27
AP-CAR-0104,"Roy Honeycutt, rodeo stock contractor, Alamosa, Colorado, 6/13/83",1983,Amon Carter Museum of American Art,https://www.cartermuseum.org/collection/roy-honeycutt-rodeo-stock-contractor-alamosa-colorado-61383-p19852833,P1985.28.33,In the American West,portrait,1,true,,2026-08-27
AP-CAR-0105,"Ruby Holden, pawnbroker, Henderson, Nevada, 12/17/80",1980,Amon Carter Museum of American Art,https://www.cartermuseum.org/collection/ruby-holden-pawnbroker-henderson-nevada-121780-p19852830,P1985.28.30,In the American West,portrait,1,true,,2026-08-27
AP-CAR-0106,"Ruby Mercer, publicist, Frontier Days, Cheyenne, Wyoming, 7/31/82",1982,Amon Carter Museum of American Art,https://www.cartermuseum.org/collection/ruby-mercer-publicist-frontier-days-cheyenne-wyoming-73182-p19852873,P1985.28.73,In the American West,portrait,1,true,,2026-08-27
AP-CAR-0107,"Russell Laird, Tammy Baker, seventeen year olds, Sweetwater, Texas, 3/10/79",1979,Amon Carter Museum of American Art,https://www.cartermuseum.org/carter-collection/collection-group/american-west?page=5,P1985.28.28,In the American West,portrait,2,false,title names 2 human subjects,2026-08-27
AP-CAR-0108,"Rusty McCrickard, janitor, Tracey Featherston, motel maid, Dixon, California, 5/10/81",1981,Amon Carter Museum of American Art,https://www.cartermuseum.org/carter-collection/collection-group/american-west?page=5,P1985.28.75,In the American West,portrait,2,false,title names 2 human subjects,2026-08-27
AP-CAR-0109,"Samye Hunt, elementary school teacher, and her daughter Suzi Gamez, housewife, Fort Worth, Texas, 1/29/80",1980,Amon Carter Museum of American Art,https://www.cartermuseum.org/carter-collection/collection-group/american-west?page=5,P1985.28.88,In the American West,portrait,2,false,title names 2 human subjects,2026-08-27
AP-CAR-0110,"Sandra Bennett, twelve year old, Rocky Ford, Colorado, 8/23/80",1980,Amon Carter Museum of American Art,https://www.cartermuseum.org/collection/sandra-bennett-twelve-year-old-rocky-ford-colorado-82380-p19852831,P1985.28.31,In the American West,portrait,1,true,,2026-08-27
AP-CAR-0111,"Shawna Callahan, thirteen year old, Cheyenne, Wyoming, 7/30/82",1982,Amon Carter Museum of American Art,https://www.cartermuseum.org/collection/shawna-callahan-thirteen-year-old-cheyenne-wyoming-73082-p1985288,P1985.28.8,In the American West,portrait,1,true,,2026-08-27
AP-CAR-0112,"Sheep, Slaughterhouse, Ennis, Montana, 6/30/83",1983,Amon Carter Museum of American Art,https://www.cartermuseum.org/carter-collection/collection-group/american-west?page=5,P1985.28.112,In the American West,portrait,0,false,"title names an animal, not a human portrait",2026-08-27
AP-CAR-0113,"Shelia Bolin, seventeen year old, Lamesa, Texas, 3/10/79",1979,Amon Carter Museum of American Art,https://www.cartermuseum.org/collection/shelia-bolin-seventeen-year-old-lamesa-texas-31079-p198528101,P1985.28.101,In the American West,portrait,1,true,,2026-08-27
AP-CAR-0114,"Stan Riley, James Law, oil field workers, Albany, Texas, 6/10/79",1979,Amon Carter Museum of American Art,https://www.cartermuseum.org/carter-collection/collection-group/american-west?page=5,P1985.28.61,In the American West,portrait,2,false,title names 2 human subjects,2026-08-27
AP-CAR-0115,"Steer, Slaughterhouse, Amarillo, Texas 11/19/81",1981,Amon Carter Museum of American Art,https://www.cartermuseum.org/carter-collection/collection-group/american-west?page=5,P1985.28.106,In the American West,portrait,0,false,"title names an animal, not a human portrait",2026-08-27
AP-CAR-0116,"Steer, Slaughterhouse, Omaha, Nebraska, 8/10/79",1979,Amon Carter Museum of American Art,https://www.cartermuseum.org/carter-collection/collection-group/american-west?page=5,P1985.28.108,In the American West,portrait,0,false,"title names an animal, not a human portrait",2026-08-27
AP-CAR-0117,"Steven O'Neill, fourteen year old, Miles City, Montana, 6/1/84",1984,Amon Carter Museum of American Art,https://www.cartermuseum.org/carter-collection/collection-group/american-west?page=5,P1985.28.97,In the American West,portrait,1,true,,2026-08-27
AP-CAR-0118,"Teresa Waldron, fourteen year old, Joe College, rodeo contestant, Sidney, Iowa, 8/11/79",1979,Amon Carter Museum of American Art,https://www.cartermuseum.org/carter-collection/collection-group/american-west?page=5,P1985.28.29,In the American West,portrait,2,false,title names 2 human subjects,2026-08-27
AP-CAR-0119,"Tom Stroud, oil field worker, Velma, Oklahoma, 6/12/80",1980,Amon Carter Museum of American Art,https://www.cartermuseum.org/collection/tom-stroud-oil-field-worker-velma-oklahoma-61280-p19852856,P1985.28.56,In the American West,portrait,1,true,,2026-08-27
AP-CAR-0120,"Tony Petrosky, seventeen year old, Clancy, Montana, 8/26/79",1979,Amon Carter Museum of American Art,https://www.cartermuseum.org/collection/tony-petrosky-seventeen-year-old-clancy-montana-82679-p19852898,P1985.28.98,In the American West,portrait,1,true,,2026-08-27
AP-CAR-0121,"Unidentified migrant worker, Eagle Pass, Texas, 12/10/79",1979,Amon Carter Museum of American Art,https://www.cartermuseum.org/collection/unidentified-migrant-worker-eagle-pass-texas-121079-p19852819,P1985.28.19,In the American West,portrait,1,true,,2026-08-27
AP-CAR-0122,"Valentino Curley, grave digger, Navajo Reservation, Ganado, Arizona, 12/6/80",1980,Amon Carter Museum of American Art,https://www.cartermuseum.org/collection/valentino-curley-grave-digger-navajo-reservation-ganado-arizona-12680-p19852866,P1985.28.66,In the American West,portrait,1,true,,2026-08-27
AP-CAR-0123,"Vivian Richardson and her granddaughter Heidi Zacher, Deadwood, South Dakota, 8/6/82",1982,Amon Carter Museum of American Art,https://www.cartermuseum.org/carter-collection/collection-group/american-west?page=6,P1985.28.36,In the American West,portrait,2,false,title names 2 human subjects,2026-08-27
AP-CAR-0124,"Wilbur Powell, rancher, Ennis, Montana, 7/4/78",1978,Amon Carter Museum of American Art,https://www.cartermuseum.org/collection/wilbur-powell-rancher-ennis-montana-7478-p19852825,P1985.28.25,In the American West,portrait,1,true,,2026-08-27
AP-FND-0001,"Samuel Beckett, writer, Paris, France, April 13, 1979",1979-04-13,The Richard Avedon Foundation,https://www.avedonfoundation.org/the-work,,,portrait,1,review,"review: The Work gives title/date but does not textually establish controlled or minimal background, shot type, or formal-portrait status",2026-08-27
AP-FND-0002,"Gloria Vanderbilt, December 17, 1953",1953-12-17,The Richard Avedon Foundation,https://www.avedonfoundation.org/the-work,,,portrait,1,review,"review: The Work gives title/date but does not textually establish controlled or minimal background, shot type, or formal-portrait status",2026-08-27
AP-FND-0003,"Dr. J. Robert Oppenheimer, physicist, Princeton, New Jersey, December 11, 1958",1958-12-11,The Richard Avedon Foundation,https://www.avedonfoundation.org/the-work,,,portrait,1,review,"review: The Work gives title/date but does not textually establish controlled or minimal background, shot type, or formal-portrait status",2026-08-27
AP-FND-0004,"Nastassja Kinski, actress, Los Angeles, June 14, 1981",1981-06-14,The Richard Avedon Foundation,https://www.avedonfoundation.org/the-work,,,portrait,1,review,"review: The Work gives title/date but does not textually establish controlled or minimal background, shot type, or formal-portrait status",2026-08-27
AP-FND-0005,"Bob Dylan, singer, New York City, February 10, 1965",1965-02-10,The Richard Avedon Foundation,https://www.avedonfoundation.org/the-work,,,portrait,1,review,"review: The Work gives title/date but does not textually establish controlled or minimal background, shot type, or formal-portrait status",2026-08-27
AP-FND-0006,"Bianca Jagger, Hollywood studio, January 25, 1972",1972-01-25,The Richard Avedon Foundation,https://www.avedonfoundation.org/the-work,,,portrait,1,review,"review: The Work gives title/date but does not textually establish controlled or minimal background, shot type, or formal-portrait status",2026-08-27
AP-FND-0007,"Shirley Chisholm, U.S. Congresswoman, New York, 1976",1976,The Richard Avedon Foundation,https://www.avedonfoundation.org/the-work,,,portrait,1,review,"review: The Work gives title/date but does not textually establish controlled or minimal background, shot type, or formal-portrait status",2026-08-27
AP-FND-0008,"Chet Baker, singer, New York, January 16, 1986",1986-01-16,The Richard Avedon Foundation,https://www.avedonfoundation.org/the-work,,,portrait,1,review,"review: The Work gives title/date but does not textually establish controlled or minimal background, shot type, or formal-portrait status",2026-08-27
AP-FND-0009,"Alberto Giacometti, sculptor, Paris, March 6, 1958",1958-03-06,The Richard Avedon Foundation,https://www.avedonfoundation.org/the-work,,,portrait,1,review,"review: The Work gives title/date but does not textually establish controlled or minimal background, shot type, or formal-portrait status",2026-08-27
AP-FND-0010,"Marian Anderson, singer, in the role of Ulrica in ""Un Ballo in Maschera,"" New York City, June 30, 1955",1955-06-30,The Richard Avedon Foundation,https://www.avedonfoundation.org/the-work,,,portrait,1,review,"review: The Work gives title/date but does not textually establish controlled or minimal background, shot type, or formal-portrait status",2026-08-27
AP-FND-0011,"Francis Bacon, artist, Paris, April 11, 1979",1979-04-11,The Richard Avedon Foundation,https://www.avedonfoundation.org/the-work,,,portrait,1,review,"review: The Work gives title/date but does not textually establish controlled or minimal background, shot type, or formal-portrait status",2026-08-27
AP-FND-0012,"George Bush, Director, CIA, Langley, Virginia, March 2, 1976",1976-03-02,The Richard Avedon Foundation,https://www.avedonfoundation.org/the-work,,,portrait,1,review,"review: The Work gives title/date but does not textually establish controlled or minimal background, shot type, or formal-portrait status",2026-08-27
AP-FND-0013,"Marilyn Monroe, actress, New York City, May 6, 1957",1957-05-06,The Richard Avedon Foundation,https://www.avedonfoundation.org/the-work,,,portrait,1,review,"review: The Work gives title/date but does not textually establish controlled or minimal background, shot type, or formal-portrait status",2026-08-27
AP-FND-0014,"Isak Dinesen, writer, Copenhagen, Denmark, April 9, 1958",1958-04-09,The Richard Avedon Foundation,https://www.avedonfoundation.org/the-work,,,portrait,1,review,"review: The Work gives title/date but does not textually establish controlled or minimal background, shot type, or formal-portrait status",2026-08-27
AP-FND-0015,"Truman Capote, New York, October 10, 1955",1955-10-10,The Richard Avedon Foundation,https://www.avedonfoundation.org/the-work,,,portrait,1,review,"review: The Work gives title/date but does not textually establish controlled or minimal background, shot type, or formal-portrait status",2026-08-27
AP-FND-0016,"Katharine Graham, Chairman of the Board, the Washington Post Company, Washington, DC, March 11, 1976",1976-03-11,The Richard Avedon Foundation,https://www.avedonfoundation.org/the-work,,,portrait,1,review,"review: The Work gives title/date but does not textually establish controlled or minimal background, shot type, or formal-portrait status",2026-08-27
AP-FND-0017,"Penelope Tree, New York, June 1967",1967-06,The Richard Avedon Foundation,https://www.avedonfoundation.org/the-work,,,portrait,1,review,"review: The Work gives title/date but does not textually establish controlled or minimal background, shot type, or formal-portrait status",2026-08-27
AP-FND-0018,"Marella Agnelli, New York, December 16, 1953",1953-12-16,The Richard Avedon Foundation,https://www.avedonfoundation.org/the-work,,,portrait,1,review,"review: The Work gives title/date but does not textually establish controlled or minimal background, shot type, or formal-portrait status",2026-08-27
AP-FND-0019,"Andy Warhol, artist, New York, August 29, 1969",1969-08-29,The Richard Avedon Foundation,https://www.avedonfoundation.org/the-work,,,portrait,1,review,"review: The Work gives title/date but does not textually establish controlled or minimal background, shot type, or formal-portrait status",2026-08-27
AP-FND-0020,"Janis Joplin, musician, Port Arthur, Texas, August 28, 1969",1969-08-28,The Richard Avedon Foundation,https://www.avedonfoundation.org/the-work,,,portrait,1,review,"review: The Work gives title/date but does not textually establish controlled or minimal background, shot type, or formal-portrait status",2026-08-27
AP-FND-0021,"Linus Pauling, scientist, New York City, January 13, 1964",1964-01-13,The Richard Avedon Foundation,https://www.avedonfoundation.org/the-work,,,portrait,1,review,"review: The Work gives title/date but does not textually establish controlled or minimal background, shot type, or formal-portrait status",2026-08-27
AP-FND-0022,"Perry Smith, murderer of ""In Cold Blood"" by Truman Capote, Garden City, Kansas, April 1960",1960-04,The Richard Avedon Foundation,https://www.avedonfoundation.org/the-work,,,portrait,1,review,"review: The Work gives title/date but does not textually establish controlled or minimal background, shot type, or formal-portrait status",2026-08-27
AP-FND-0023,"Dick Hickock, murderer of ""In Cold Blood"" by Truman Capote, Garden City, Kansas, April 1960",1960-04,The Richard Avedon Foundation,https://www.avedonfoundation.org/the-work,,,portrait,1,review,"review: The Work gives title/date but does not textually establish controlled or minimal background, shot type, or formal-portrait status",2026-08-27
AP-FND-0024,"Killer Joe Piro, dance teacher, New York, January 3, 1962",1962-01-03,The Richard Avedon Foundation,https://www.avedonfoundation.org/the-work,,,portrait,1,review,"review: The Work gives title/date but does not textually establish controlled or minimal background, shot type, or formal-portrait status",2026-08-27
AP-FND-0025,"Adam Clayton Powell, congressman, New York City, March 6, 1964",1964-03-06,The Richard Avedon Foundation,https://www.avedonfoundation.org/the-work,,,portrait,1,review,"review: The Work gives title/date but does not textually establish controlled or minimal background, shot type, or formal-portrait status",2026-08-27
AP-FND-0026,"Jasper Johns, artist, New York, April 29, 1976",1976-04-29,The Richard Avedon Foundation,https://www.avedonfoundation.org/the-work,,,portrait,1,review,"review: The Work gives title/date but does not textually establish controlled or minimal background, shot type, or formal-portrait status",2026-08-27
AP-FND-0027,"Sophia Loren, hair by Ara Gallant, New York, October 2, 1970",1970-10-02,The Richard Avedon Foundation,https://www.avedonfoundation.org/the-work,,,portrait,1,review,"review: The Work gives title/date but does not textually establish controlled or minimal background, shot type, or formal-portrait status",2026-08-27
AP-FND-0028,"Commander Alan Shepard, astronaut, Langley Field, Virginia, March 31, 1961",1961-03-31,The Richard Avedon Foundation,https://www.avedonfoundation.org/the-work,,,portrait,1,review,"review: The Work gives title/date but does not textually establish controlled or minimal background, shot type, or formal-portrait status",2026-08-27
AP-FND-0029,"Dorothy Parker, writer, New York, June 17, 1958",1958-06-17,The Richard Avedon Foundation,https://www.avedonfoundation.org/the-work,,,portrait,1,review,"review: The Work gives title/date but does not textually establish controlled or minimal background, shot type, or formal-portrait status",2026-08-27
AP-FND-0030,"Brigitte Bardot, hair by Alexandre, Paris, January 27, 1959",1959-01-27,The Richard Avedon Foundation,https://www.avedonfoundation.org/the-work,,,portrait,1,review,"review: The Work gives title/date but does not textually establish controlled or minimal background, shot type, or formal-portrait status",2026-08-27
AP-FND-0031,"Malcolm X, civil rights leader, New York City, March 27, 1963",1963-03-27,The Richard Avedon Foundation,https://www.avedonfoundation.org/the-work,,,portrait,1,review,"review: The Work gives title/date but does not textually establish controlled or minimal background, shot type, or formal-portrait status",2026-08-27
AP-MUS-0001,"Marian Anderson, contralto, New York","June 30, 1955",The Metropolitan Museum of Art,https://www.metmuseum.org/art/collection/search/270362,61.565.2,,portrait,1,true,,2026-08-27
AP-MUS-0002,"Louise Nevelson, Sculptress, New York City","May 13, 1975",The Metropolitan Museum of Art,https://www.metmuseum.org/art/collection/search/284264,2002.379.5,,portrait,1,review,single formal portrait record; official metadata does not establish controlled/minimal background; visual check required,2026-08-27
AP-MUS-0003,"Marilyn Monroe, Actress, New York City","May 6, 1957",The Metropolitan Museum of Art,https://www.metmuseum.org/art/collection/search/284270,2002.379.11,,portrait,1,review,single formal portrait record; official metadata does not establish controlled/minimal background; visual check required,2026-08-27
AP-MUS-0004,"Walter Hickock, Father of Dick Hickock, Garden City, Kansas",April 1960,The Metropolitan Museum of Art,https://www.metmuseum.org/art/collection/search/284271,2002.379.12,,portrait,1,review,jail/mug-shot context stated by official record; verify controlled/minimal background and formal-portrait fit,2026-08-27
AP-MUS-0005,"Dick Hickock, Murderer, Garden City, Kansas",April 1960,The Metropolitan Museum of Art,https://www.metmuseum.org/art/collection/search/284272,2002.379.13,,portrait,1,review,jail/mug-shot context stated by official record; verify controlled/minimal background and formal-portrait fit,2026-08-27
AP-MUS-0006,"James Galanos, Fashion Designer, New York City","August 10, 1975",The Metropolitan Museum of Art,https://www.metmuseum.org/art/collection/search/284273,2002.379.14,,portrait,1,review,title names a fashion professional; verify that the work is a formal portrait rather than fashion editorial,2026-08-27
AP-MUS-0007,"John Szarkowski, Curator, New York City","July 30, 1975",The Metropolitan Museum of Art,https://www.metmuseum.org/art/collection/search/284277,2002.379.18,,portrait,1,review,single formal portrait record; official metadata does not establish controlled/minimal background; visual check required,2026-08-27
AP-MUS-0008,"Alger Hiss, Lawyer, New York City","July 7, 1975",The Metropolitan Museum of Art,https://www.metmuseum.org/art/collection/search/284278,2002.379.19,,portrait,1,review,single formal portrait record; official metadata does not establish controlled/minimal background; visual check required,2026-08-27
AP-MUS-0009,"Harold Brodkey, Writer, New York City","July 9, 1975",The Metropolitan Museum of Art,https://www.metmuseum.org/art/collection/search/284279,2002.379.20,,portrait,1,review,single formal portrait record; official metadata does not establish controlled/minimal background; visual check required,2026-08-27
AP-MUS-0010,"Evelyn Avedon, Wife of Photographer, New York City","July 23, 1975",The Metropolitan Museum of Art,https://www.metmuseum.org/art/collection/search/284280,2002.379.21,,portrait,1,review,single formal portrait record; official metadata does not establish controlled/minimal background; visual check required,2026-08-27
AP-MUS-0011,"Robert Frank, Photographer, Mabou Mines, Nova Scotia","July 17, 1975",The Metropolitan Museum of Art,https://www.metmuseum.org/art/collection/search/284281,2002.379.22,,portrait,1,review,single formal portrait record; official metadata does not establish controlled/minimal background; visual check required,2026-08-27
AP-MUS-0012,"June Leaf, Sculptor, Mabou Mines, Nova Scotia","July 18, 1975",The Metropolitan Museum of Art,https://www.metmuseum.org/art/collection/search/284283,2002.379.24,,portrait,1,true,,2026-08-27
AP-MUS-0013,"William Burroughs, Writer, New York City","July 9, 1975",The Metropolitan Museum of Art,https://www.metmuseum.org/art/collection/search/284284,2002.379.25,,portrait,1,review,single formal portrait record; official metadata does not establish controlled/minimal background; visual check required,2026-08-27
AP-MUS-0014,"William Buckley Jr., Columnist, New York City","July 22, 1975",The Metropolitan Museum of Art,https://www.metmuseum.org/art/collection/search/284285,2002.379.26,,portrait,1,review,single formal portrait record; official metadata does not establish controlled/minimal background; visual check required,2026-08-27
AP-MUS-0015,"Muriel Rukeyser, Poet, New York City","July 31, 1975",The Metropolitan Museum of Art,https://www.metmuseum.org/art/collection/search/284286,2002.379.27,,portrait,1,review,single formal portrait record; official metadata does not establish controlled/minimal background; visual check required,2026-08-27
AP-MUS-0016,"Vladimir Horowitz, Pianist, New Milford, Connecticut","August 9, 1975",The Metropolitan Museum of Art,https://www.metmuseum.org/art/collection/search/284287,2002.379.28,,portrait,1,review,single formal portrait record; official metadata does not establish controlled/minimal background; visual check required,2026-08-27
AP-MUS-0017,"Polly Mellen, Fashion Editor, New York City","August 21, 1975",The Metropolitan Museum of Art,https://www.metmuseum.org/art/collection/search/284288,2002.379.29,,portrait,1,review,title names a fashion professional; verify that the work is a formal portrait rather than fashion editorial,2026-08-27
AP-MUS-0018,"Rose Mary Woods, Secretary to Richard Nixon, Washington, D.C.","July 30, 1975",The Metropolitan Museum of Art,https://www.metmuseum.org/art/collection/search/284289,2002.379.30,,portrait,1,review,single formal portrait record; official metadata does not establish controlled/minimal background; visual check required,2026-08-27
AP-MUS-0019,"Mrs. Cordelia Biddle Robertson, Socialite, New York City","September 1956, printed 1974–75",The Metropolitan Museum of Art,https://www.metmuseum.org/art/collection/search/284292,2002.379.33,,portrait,1,review,single formal portrait record; official metadata does not establish controlled/minimal background; visual check required,2026-08-27
AP-MUS-0020,"Samuel Goldwyn, Producer, Hollywood, California","September 30, 1963, printed 1974–75",The Metropolitan Museum of Art,https://www.metmuseum.org/art/collection/search/284294,2002.379.35,,portrait,1,review,single formal portrait record; official metadata does not establish controlled/minimal background; visual check required,2026-08-27
AP-MUS-0021,"Jacob Israel Avedon, Businessman, Sarasota, Florida","May 15, 1971",The Metropolitan Museum of Art,https://www.metmuseum.org/art/collection/search/284300,2002.379.41,,portrait,1,review,single formal portrait record; official metadata does not establish controlled/minimal background; visual check required,2026-08-27
AP-MUS-0022,"John Ford, Director, Bel Air, California","April 11, 1972",The Metropolitan Museum of Art,https://www.metmuseum.org/art/collection/search/284302,2002.379.43,,portrait,1,review,single formal portrait record; official metadata does not establish controlled/minimal background; visual check required,2026-08-27
AP-MUS-0023,"Dr. Lother Kalinowsky, Psychiatrist, New York City","March 5, 1970",The Metropolitan Museum of Art,https://www.metmuseum.org/art/collection/search/284303,2002.379.44,,portrait,1,review,single formal portrait record; official metadata does not establish controlled/minimal background; visual check required,2026-08-27
AP-MUS-0024,"Oscar Levant, Pianist, Beverly Hills, California","April 12, 1972",The Metropolitan Museum of Art,https://www.metmuseum.org/art/collection/search/284305,2002.379.46,,portrait,1,review,single formal portrait record; official metadata does not establish controlled/minimal background; visual check required,2026-08-27
AP-MUS-0025,"Jean Renoir, Director, Beverly Hills, California","April 11, 1972",The Metropolitan Museum of Art,https://www.metmuseum.org/art/collection/search/284306,2002.379.48,,portrait,1,review,single formal portrait record; official metadata does not establish controlled/minimal background; visual check required,2026-08-27
AP-MUS-0026,"Groucho Marx, Actor, Beverly Hills, California","April 12, 1972",The Metropolitan Museum of Art,https://www.metmuseum.org/art/collection/search/284307,2002.379.49,,portrait,1,review,single formal portrait record; official metadata does not establish controlled/minimal background; visual check required,2026-08-27
AP-MUS-0027,"Lewis Milestone, Director, Beverly Hills, California","April 10, 1972",The Metropolitan Museum of Art,https://www.metmuseum.org/art/collection/search/284308,2002.379.50,,portrait,1,review,single formal portrait record; official metadata does not establish controlled/minimal background; visual check required,2026-08-27
AP-MUS-0028,"Cheryl Crane, Daughter of Lana Turner, Hollywood, California","September 30, 1963, printed 1974–75",The Metropolitan Museum of Art,https://www.metmuseum.org/art/collection/search/284310,2002.379.52,,portrait,1,review,single formal portrait record; official metadata does not establish controlled/minimal background; visual check required,2026-08-27
AP-MUS-0029,"Ezra Pound, Poet, Rutherford, New Jersey","June 30, 1958, printed 1974–75",The Metropolitan Museum of Art,https://www.metmuseum.org/art/collection/search/284311,2002.379.53,,portrait,1,review,single formal portrait record; official metadata does not establish controlled/minimal background; visual check required,2026-08-27
AP-MUS-0030,"Carmel Snow, Editor, New York City","January 10, 1958, printed 1974–75",The Metropolitan Museum of Art,https://www.metmuseum.org/art/collection/search/284312,2002.379.54,,portrait,1,review,single formal portrait record; official metadata does not establish controlled/minimal background; visual check required,2026-08-27
AP-MUS-0031,"Aldous Huxley, Writer, New York City","October 22, 1956, printed 1974–75",The Metropolitan Museum of Art,https://www.metmuseum.org/art/collection/search/284313,2002.379.55,,portrait,1,review,single formal portrait record; official metadata does not establish controlled/minimal background; visual check required,2026-08-27
AP-MUS-0032,"Marcel Duchamp, Artist, New York City","January 31, 1958, printed 1974–75",The Metropolitan Museum of Art,https://www.metmuseum.org/art/collection/search/284321,2002.379.63,,portrait,1,review,single formal portrait record; official metadata does not establish controlled/minimal background; visual check required,2026-08-27
AP-MUS-0033,"Alberto Giacometti, Sculptor, Paris","July 6, 1958, printed 1974–75",The Metropolitan Museum of Art,https://www.metmuseum.org/art/collection/search/284323,2002.379.65,,portrait,1,review,single formal portrait record; official metadata does not establish controlled/minimal background; visual check required,2026-08-27
AP-MUS-0034,"Willem de Kooning, Painter, Springs, Long Island","August 18, 1969",The Metropolitan Museum of Art,https://www.metmuseum.org/art/collection/search/284337,2002.379.79,,portrait,1,review,single formal portrait record; official metadata does not establish controlled/minimal background; visual check required,2026-08-27
AP-MUS-0035,"Arne Ekstrom, Art Dealer, New York City","June 7, 1976",The Metropolitan Museum of Art,https://www.metmuseum.org/art/collection/search/284349,2002.379.91,,portrait,1,review,single formal portrait record; official metadata does not establish controlled/minimal background; visual check required,2026-08-27
AP-MUS-0036,"Richard Avedon, Self Portrait, New York City","May 31, 2002",The Metropolitan Museum of Art,https://www.metmuseum.org/art/collection/search/927219,2025.758.1,,portrait,1,true,,2026-08-27
AP-MUS-0037,"Marella Agnelli, New York",December 1953,The Museum of Modern Art,https://www.moma.org/collection/works/128612,471.2009,,portrait,1,review,single formal portrait record; official metadata does not establish controlled/minimal background; visual check required,2026-08-27
AP-MUS-0038,"Killer Joe Piro, dance teacher, New York","January 3, 1962",The Museum of Modern Art,https://www.moma.org/collection/works/128619,479.2009,,portrait,1,review,single formal portrait record; official metadata does not establish controlled/minimal background; visual check required,2026-08-27
AP-MUS-0039,"Malcolm X, Black Nationalist leader, New York","March 27, 1963",The Museum of Modern Art,https://www.moma.org/collection/works/128621,480.2009,,portrait,1,review,single formal portrait record; official metadata does not establish controlled/minimal background; visual check required,2026-08-27
AP-MUS-0040,"Lew Alcindor, basketball player, New York","May 2, 1963",The Museum of Modern Art,https://www.moma.org/collection/works/128622,481.2009,,portrait,1,review,single formal portrait record; official metadata does not establish controlled/minimal background; visual check required,2026-08-27
AP-MUS-0041,"Dwight David Eisenhower, President of the United States, Palm Springs, California","January 31, 1964",The Museum of Modern Art,https://www.moma.org/collection/works/128625,484.2009,,portrait,1,review,single formal portrait record; official metadata does not establish controlled/minimal background; visual check required,2026-08-27
AP-MUS-0042,"Bob Dylan, singer, New York","February 10, 1965",The Museum of Modern Art,https://www.moma.org/collection/works/128626,485.2009,,portrait,1,review,single formal portrait record; official metadata does not establish controlled/minimal background; visual check required,2026-08-27
AP-MUS-0043,"Lee Friedlander, photographer, New City, New York","May 24, 2002",The Museum of Modern Art,https://www.moma.org/collection/works/128642,501.2009,,portrait,1,review,single formal portrait record; official metadata does not establish controlled/minimal background; visual check required,2026-08-27
AP-MUS-0044,Bella Abzug,"June 19, 1976","National Portrait Gallery, Smithsonian Institution",https://npg.si.edu/object/npg_NPG.89.83.1,NPG.89.83.1,,portrait,1,review,single formal portrait record; official metadata does not establish controlled/minimal background; visual check required,2026-08-27
AP-MUS-0045,Arthur Frank Burns,"May 4, 1976","National Portrait Gallery, Smithsonian Institution",https://npg.si.edu/object/npg_NPG.89.83.10,NPG.89.83.10,,portrait,1,review,single formal portrait record; official metadata does not establish controlled/minimal background; visual check required,2026-08-27
AP-MUS-0046,George Bush,"March 2, 1976","National Portrait Gallery, Smithsonian Institution",https://npg.si.edu/object/npg_NPG.89.83.11,NPG.89.83.11,,portrait,1,review,single formal portrait record; official metadata does not establish controlled/minimal background; visual check required,2026-08-27
AP-MUS-0047,Manny Celler,"August 12, 1976","National Portrait Gallery, Smithsonian Institution",https://npg.si.edu/object/npg_NPG.89.83.15,NPG.89.83.15,,portrait,1,review,single formal portrait record; official metadata does not establish controlled/minimal background; visual check required,2026-08-27
AP-MUS-0048,Shirley Anita St. Hill Chisholm,"July 12, 1976","National Portrait Gallery, Smithsonian Institution",https://npg.si.edu/object/npg_NPG.89.83.17,NPG.89.83.17,,portrait,1,review,single formal portrait record; official metadata does not establish controlled/minimal background; visual check required,2026-08-27
AP-MUS-0049,Mark Felt,"July 8, 1976","National Portrait Gallery, Smithsonian Institution",https://npg.si.edu/object/npg_NPG.89.83.22,NPG.89.83.22,,portrait,1,review,single formal portrait record; official metadata does not establish controlled/minimal background; visual check required,2026-08-27
AP-MUS-0050,Daniel Patrick Moynihan,"July 12, 1976","National Portrait Gallery, Smithsonian Institution",https://npg.si.edu/object/npg_NPG.89.83.43,NPG.89.83.43,,portrait,1,review,single formal portrait record; official metadata does not establish controlled/minimal background; visual check required,2026-08-27
AP-MUS-0051,Asa Philip Randolph,"April 8, 1976","National Portrait Gallery, Smithsonian Institution",https://npg.si.edu/object/npg_NPG.89.83.48,NPG.89.83.48,,portrait,1,review,single formal portrait record; official metadata does not establish controlled/minimal background; visual check required,2026-08-27
AP-MUS-0052,Ronald Reagan,"March 4, 1976","National Portrait Gallery, Smithsonian Institution",https://npg.si.edu/object/npg_NPG.89.83.49,NPG.89.83.49,,portrait,1,review,single formal portrait record; official metadata does not establish controlled/minimal background; visual check required,2026-08-27
AP-MUS-0053,Nelson Rockefeller,"June 28, 1976","National Portrait Gallery, Smithsonian Institution",https://npg.si.edu/object/npg_NPG.89.83.52,NPG.89.83.52,,portrait,1,review,single formal portrait record; official metadata does not establish controlled/minimal background; visual check required,2026-08-27
AP-MUS-0054,Pete Rozelle,"July 7, 1976","National Portrait Gallery, Smithsonian Institution",https://npg.si.edu/object/npg_S_NPG.89.83.56,S/NPG.89.83.56,,portrait,1,review,single formal portrait record; official metadata does not establish controlled/minimal background; visual check required,2026-08-27
AP-MUS-0055,James Skelly Wright,"July 29, 1976","National Portrait Gallery, Smithsonian Institution",https://npg.si.edu/object/npg_S_NPG.89.83.67,S/NPG.89.83.67,,portrait,1,review,single formal portrait record; official metadata does not establish controlled/minimal background; visual check required,2026-08-27
AP-MUS-0056,Rudolph Nureyev,1961,"National Portrait Gallery, Smithsonian Institution",https://npg.si.edu/object/npg_NPG.91.54,NPG.91.54,,portrait,1,review,official record tags topic 'Interior'; verify not an environmental portrait and confirm controlled/minimal background,2026-08-27
AP-MUS-0057,Igor Stravinsky,1969,"National Portrait Gallery, Smithsonian Institution",https://npg.si.edu/object/npg_NPG.91.24,NPG.91.24,,portrait,1,review,official record tags 'Triptych'; one sitter but verify crop/shot type and controlled/minimal background,2026-08-27
AP-MUS-0058,Richard Avedon Self-Portrait,1978,"National Portrait Gallery, Smithsonian Institution",https://npg.si.edu/object/npg_NPG.93.94,NPG.93.94,,portrait,1,review,self-portrait record; official metadata does not establish controlled/minimal background; visual check required,2026-08-27
AP-MUS-0059,"Henry Miller, Writer, Pacific Palisades, California, 9-24-68","negative September 24, 1968; print 1975",J. Paul Getty Museum,https://www.getty.edu/art/collection/object/108GRD,2000.67.1,,portrait,1,true,official page identifies a close-up head shot; main image visually reviewed as a single-person controlled-background formal portrait,2026-08-28
